employer,employer_url,ats,search_term,job_title,job_url,extraction_reason,captured_at
FTI Consulting Life Sciences,https://www.fticonsulting.com/careers,Workday (embedded/blocked API),research,"Director, Transaction Services | Mergers, Integrations & Carve-Outs | Corporate Finance",https://fticonsulting.wd108.myworkdayjobs.com/en-US/FTIConsultingCareers/job/Denver-CO/Director--Transaction-Services---Mergers--Integrations---Carve-Outs---Corporate-Finance_JR260WP-TEE?q=research,card[css-19uc56f  jobTitle]; data-automation-id=jobTitle; url[/job/]; title_pattern,2026-06-21T22:39:53.657934+00:00
FTI Consulting Life Sciences,https://www.fticonsulting.com/careers,Workday (embedded/blocked API),research,"Senior Director, HRMA | Forensic & Litigation Consulting",https://fticonsulting.wd108.myworkdayjobs.com/en-US/FTIConsultingCareers/job/United-States/Senior-Director--HRMA---Forensic---Litigation-Consulting_JR260VQ-TEE?q=research,card[css-19uc56f  jobTitle]; data-automation-id=jobTitle; url[/job/]; title_pattern,2026-06-21T22:39:53.657934+00:00
FTI Consulting Life Sciences,https://www.fticonsulting.com/careers,Workday (embedded/blocked API),research,"Executive Assistant Team Lead, Strategic Communications",https://fticonsulting.wd108.myworkdayjobs.com/en-US/FTIConsultingCareers/job/New-York-NY/Executive-Assistant-Team-Lead--Strategic-Communications_JR260142?q=research,card[css-19uc56f  jobTitle]; data-automation-id=jobTitle; url[/job/]; title_pattern,2026-06-21T22:39:53.657934+00:00
FTI Consulting Life Sciences,https://www.fticonsulting.com/careers,Workday (embedded/blocked API),research,Senior Conflicts Analyst,https://fticonsulting.wd108.myworkdayjobs.com/en-US/FTIConsultingCareers/job/United-States/Senior-Conflicts-Analyst_JR260102?q=research,card[css-19uc56f  jobTitle]; data-automation-id=jobTitle; url[/job/]; title_pattern,2026-06-21T22:39:53.657934+00:00
FTI Consulting Life Sciences,https://www.fticonsulting.com/careers,Workday (embedded/blocked API),research,"Consultant, M&A and Activism Communications",https://fticonsulting.wd108.myworkdayjobs.com/en-US/FTIConsultingCareers/job/Chicago-IL/Consultant--M-A-and-Activism-Communications_JR260P9-TEE?q=research,card[css-19uc56f  jobTitle]; data-automation-id=jobTitle; url[/job/]; title_pattern,2026-06-21T22:39:53.657934+00:00
FTI Consulting Life Sciences,https://www.fticonsulting.com/careers,Workday (embedded/blocked API),research,"Consultant, Center for Healthcare Economics and Policy",https://fticonsulting.wd108.myworkdayjobs.com/en-US/FTIConsultingCareers/job/Washington-DC/Consultant--Center-for-Healthcare-Economics-and-Policy_JR260135-1?q=research,card[css-19uc56f  jobTitle]; data-automation-id=jobTitle; url[/job/]; title_pattern,2026-06-21T22:39:53.657934+00:00
FTI Consulting Life Sciences,https://www.fticonsulting.com/careers,Workday (embedded/blocked API),research,"Director (Energy), Economic Regulation Advisory",https://fticonsulting.wd108.myworkdayjobs.com/en-US/FTIConsultingCareers/job/Paris-France/Director--Energy---Economic-Regulation-Advisory_JR251AG-TEE-1?q=research,card[css-19uc56f  jobTitle]; data-automation-id=jobTitle; url[/job/]; title_pattern,2026-06-21T22:39:53.657934+00:00
FTI Consulting Life Sciences,https://www.fticonsulting.com/careers,Workday (embedded/blocked API),research,"Senior Consultant (Energy), Economic Regulation Advisory",https://fticonsulting.wd108.myworkdayjobs.com/en-US/FTIConsultingCareers/job/Paris-France/Senior-Consultant--Energy---Economic-Regulation-Advisory_JR260100?q=research,card[css-19uc56f  jobTitle]; data-automation-id=jobTitle; url[/job/]; title_pattern,2026-06-21T22:39:53.657934+00:00
FTI Consulting Life Sciences,https://www.fticonsulting.com/careers,Workday (embedded/blocked API),research,"Director, Acuity Review Manager | Technology",https://fticonsulting.wd108.myworkdayjobs.com/en-US/FTIConsultingCareers/job/Washington-DC/Director--Acuity-Review-Manager---Technology_JR26087-TEE?q=research,card[css-19uc56f  jobTitle]; data-automation-id=jobTitle; url[/job/]; title_pattern,2026-06-21T22:39:53.657934+00:00
FTI Consulting Life Sciences,https://www.fticonsulting.com/careers,Workday (embedded/blocked API),research,"Consultant, Public Affairs - Energy",https://fticonsulting.wd108.myworkdayjobs.com/en-US/FTIConsultingCareers/job/Washington-DC/Consultant--Public-Affairs---Energy_JR260TS-TEE?q=research,card[css-19uc56f  jobTitle]; data-automation-id=jobTitle; url[/job/]; title_pattern,2026-06-21T22:39:53.657934+00:00
FTI Consulting Life Sciences,https://www.fticonsulting.com/careers,Workday (embedded/blocked API),research,"Senior Consultant, CPA, Technical Accounting & Advisory",https://fticonsulting.wd108.myworkdayjobs.com/en-US/FTIConsultingCareers/job/Boston-MA/Senior-Consultant--CPA--Technical-Accounting---Advisory_JR260KS-TEE?q=research,card[css-19uc56f  jobTitle]; data-automation-id=jobTitle; url[/job/]; title_pattern,2026-06-21T22:39:53.657934+00:00
FTI Consulting Life Sciences,https://www.fticonsulting.com/careers,Workday (embedded/blocked API),research,"Consultant, Public Affairs - Industrials",https://fticonsulting.wd108.myworkdayjobs.com/en-US/FTIConsultingCareers/job/Washington-DC/Consultant--Public-Affairs---Industrials_JR260117?q=research,card[css-19uc56f  jobTitle]; data-automation-id=jobTitle; url[/job/]; title_pattern,2026-06-21T22:39:53.657934+00:00
FTI Consulting Life Sciences,https://www.fticonsulting.com/careers,Workday (embedded/blocked API),research,"Consultant, Lender Services | Corporate Finance",https://fticonsulting.wd108.myworkdayjobs.com/en-US/FTIConsultingCareers/job/Chicago-IL/Consultant--Lender-Services---Corporate-Finance_JR260114?q=research,card[css-19uc56f  jobTitle]; data-automation-id=jobTitle; url[/job/]; title_pattern,2026-06-21T22:39:53.657934+00:00
FTI Consulting Life Sciences,https://www.fticonsulting.com/careers,Workday (embedded/blocked API),research,"Consultant, Public Affairs - Financial Services",https://fticonsulting.wd108.myworkdayjobs.com/en-US/FTIConsultingCareers/job/Washington-DC/Consultant--Public-Affairs---Financial-Services_JR260108?q=research,card[css-19uc56f  jobTitle]; data-automation-id=jobTitle; url[/job/]; title_pattern,2026-06-21T22:39:53.657934+00:00
FTI Consulting Life Sciences,https://www.fticonsulting.com/careers,Workday (embedded/blocked API),research,"Senior Consultant, Restructuring | Corporate Finance",https://fticonsulting.wd108.myworkdayjobs.com/en-US/FTIConsultingCareers/job/Atlanta-GA/Senior-Consultant--Restructuring---Corporate-Finance_JR260NF-TEE?q=research,card[css-19uc56f  jobTitle]; data-automation-id=jobTitle; url[/job/]; title_pattern,2026-06-21T22:39:53.657934+00:00
FTI Consulting Life Sciences,https://www.fticonsulting.com/careers,Workday (embedded/blocked API),research,"Associate, Operational Restructuring (Amsterdam) l Corporate Finance & Restructuring",https://fticonsulting.wd108.myworkdayjobs.com/en-US/FTIConsultingCareers/job/Amsterdam-Netherlands/Associate_JR260090?q=research,card[css-19uc56f  jobTitle]; data-automation-id=jobTitle; url[/job/]; title_pattern,2026-06-21T22:39:53.657934+00:00
FTI Consulting Life Sciences,https://www.fticonsulting.com/careers,Workday (embedded/blocked API),research,"(Senior) Consultant, Financial Restructuring (Amsterdam) l Corporate Finance & Restructuring",https://fticonsulting.wd108.myworkdayjobs.com/en-US/FTIConsultingCareers/job/Amsterdam-Netherlands/XMLNAME--Senior--Consultant--Financial-Restructuring--Amsterdam--l-Corporate-Finance---Restructuring_JR260103?q=research,card[css-19uc56f  jobTitle]; data-automation-id=jobTitle; url[/job/]; title_pattern,2026-06-21T22:39:53.657934+00:00
FTI Consulting Life Sciences,https://www.fticonsulting.com/careers,Workday (embedded/blocked API),data,"Director, Transaction Services | Mergers, Integrations & Carve-Outs | Corporate Finance",https://fticonsulting.wd108.myworkdayjobs.com/en-US/FTIConsultingCareers/job/Denver-CO/Director--Transaction-Services---Mergers--Integrations---Carve-Outs---Corporate-Finance_JR260WP-TEE?q=data,card[css-19uc56f  jobTitle]; data-automation-id=jobTitle; url[/job/]; title_pattern,2026-06-21T22:39:56.777095+00:00
FTI Consulting Life Sciences,https://www.fticonsulting.com/careers,Workday (embedded/blocked API),data,"Senior Consultant, Strategic Finance |Office of the CFO, Corporate Finance",https://fticonsulting.wd108.myworkdayjobs.com/en-US/FTIConsultingCareers/job/Atlanta-GA/Senior-Consultant--Strategic-Finance--Office-of-the-CFO--Corporate-Finance_JR260KU-TEE?q=data,card[css-19uc56f  jobTitle]; data-automation-id=jobTitle; url[/job/]; title_pattern,2026-06-21T22:39:56.777095+00:00
FTI Consulting Life Sciences,https://www.fticonsulting.com/careers,Workday (embedded/blocked API),data,"Senior Director | Software Solutions, Data and Analytics",https://fticonsulting.wd108.myworkdayjobs.com/en-US/FTIConsultingCareers/job/London-United-Kingdom/Senior-Director---Software-Solutions--Data-and-Analytics_JR260NK-TEE?q=data,card[css-19uc56f  jobTitle]; data-automation-id=jobTitle; url[/job/]; title_pattern,2026-06-21T22:39:56.777095+00:00
FTI Consulting Life Sciences,https://www.fticonsulting.com/careers,Workday (embedded/blocked API),data,"Senior Director, HRMA | Forensic & Litigation Consulting",https://fticonsulting.wd108.myworkdayjobs.com/en-US/FTIConsultingCareers/job/United-States/Senior-Director--HRMA---Forensic---Litigation-Consulting_JR260VQ-TEE?q=data,card[css-19uc56f  jobTitle]; data-automation-id=jobTitle; url[/job/]; title_pattern,2026-06-21T22:39:56.777095+00:00
FTI Consulting Life Sciences,https://www.fticonsulting.com/careers,Workday (embedded/blocked API),data,"(Senior) Consultant (m/w/d), Business Transformation - Financial Services",https://fticonsulting.wd108.myworkdayjobs.com/en-US/FTIConsultingCareers/job/Frankfurt-Germany/XMLNAME--Senior--Consultant--m-f-d---Financial-Services---Corporate-Finance_JR2602I-TEE?q=data,card[css-19uc56f  jobTitle]; data-automation-id=jobTitle; url[/job/]; title_pattern,2026-06-21T22:39:56.777095+00:00
FTI Consulting Life Sciences,https://www.fticonsulting.com/careers,Workday (embedded/blocked API),data,"(Senior) Director (m/f/d), Business Transformation - Financial Services",https://fticonsulting.wd108.myworkdayjobs.com/en-US/FTIConsultingCareers/job/Frankfurt-Germany/XMLNAME--Senior--Director--m-f-d---Financial-Services---Corporate-Finance_JR2509N-TEE?q=data,card[css-19uc56f  jobTitle]; data-automation-id=jobTitle; url[/job/]; title_pattern,2026-06-21T22:39:56.777095+00:00
FTI Consulting Life Sciences,https://www.fticonsulting.com/careers,Workday (embedded/blocked API),data,"Executive Assistant Team Lead, Strategic Communications",https://fticonsulting.wd108.myworkdayjobs.com/en-US/FTIConsultingCareers/job/New-York-NY/Executive-Assistant-Team-Lead--Strategic-Communications_JR260142?q=data,card[css-19uc56f  jobTitle]; data-automation-id=jobTitle; url[/job/]; title_pattern,2026-06-21T22:39:56.777095+00:00
FTI Consulting Life Sciences,https://www.fticonsulting.com/careers,Workday (embedded/blocked API),data,Senior Conflicts Analyst,https://fticonsulting.wd108.myworkdayjobs.com/en-US/FTIConsultingCareers/job/United-States/Senior-Conflicts-Analyst_JR260102?q=data,card[css-19uc56f  jobTitle]; data-automation-id=jobTitle; url[/job/]; title_pattern,2026-06-21T22:39:56.777095+00:00
FTI Consulting Life Sciences,https://www.fticonsulting.com/careers,Workday (embedded/blocked API),data,"Senior Consultant (m/w/d), German Markets | Economic Financial Consulting",https://fticonsulting.wd108.myworkdayjobs.com/en-US/FTIConsultingCareers/job/Frankfurt-Germany/Senior-Consultant--m-w-d----German-Markets--Economic-Financial-Consulting_JR2417G-TEE-1?q=data,card[css-19uc56f  jobTitle]; data-automation-id=jobTitle; url[/job/]; title_pattern,2026-06-21T22:39:56.777095+00:00
FTI Consulting Life Sciences,https://www.fticonsulting.com/careers,Workday (embedded/blocked API),data,"Senior Consultant | Restructuring , Corporate Finance | Brazil",https://fticonsulting.wd108.myworkdayjobs.com/en-US/FTIConsultingCareers/job/Sao-Paulo-Brazil/Senior-Consultant---Restructuring---Corporate-Finance----Brazil_JR260G6-TEE?q=data,card[css-19uc56f  jobTitle]; data-automation-id=jobTitle; url[/job/]; title_pattern,2026-06-21T22:39:56.777095+00:00
FTI Consulting Life Sciences,https://www.fticonsulting.com/careers,Workday (embedded/blocked API),data,"Consultant, Healthcare Business Transformation Operations | Corporate Finance",https://fticonsulting.wd108.myworkdayjobs.com/en-US/FTIConsultingCareers/job/New-York-NY/Consultant--Healthcare-Business-Transformation-Operations---Corporate-Finance_JR260NZ-TEE?q=data,card[css-19uc56f  jobTitle]; data-automation-id=jobTitle; url[/job/]; title_pattern,2026-06-21T22:39:56.777095+00:00
FTI Consulting Life Sciences,https://www.fticonsulting.com/careers,Workday (embedded/blocked API),data,"Consultant, Center for Healthcare Economics and Policy",https://fticonsulting.wd108.myworkdayjobs.com/en-US/FTIConsultingCareers/job/Washington-DC/Consultant--Center-for-Healthcare-Economics-and-Policy_JR260135-1?q=data,card[css-19uc56f  jobTitle]; data-automation-id=jobTitle; url[/job/]; title_pattern,2026-06-21T22:39:56.777095+00:00
FTI Consulting Life Sciences,https://www.fticonsulting.com/careers,Workday (embedded/blocked API),data,Senior Director| Financial Services (Insurance) | Strategic Communications,https://fticonsulting.wd108.myworkdayjobs.com/en-US/FTIConsultingCareers/job/London-United-Kingdom/Senior-Director--Financial-Services--Insurance----Strategic-Communications_JR251WC-TEE?q=data,card[css-19uc56f  jobTitle]; data-automation-id=jobTitle; url[/job/]; title_pattern,2026-06-21T22:39:56.777095+00:00
FTI Consulting Life Sciences,https://www.fticonsulting.com/careers,Workday (embedded/blocked API),data,"Director, Acuity Review Manager | Technology",https://fticonsulting.wd108.myworkdayjobs.com/en-US/FTIConsultingCareers/job/Washington-DC/Director--Acuity-Review-Manager---Technology_JR26087-TEE?q=data,card[css-19uc56f  jobTitle]; data-automation-id=jobTitle; url[/job/]; title_pattern,2026-06-21T22:39:56.777095+00:00
FTI Consulting Life Sciences,https://www.fticonsulting.com/careers,Workday (embedded/blocked API),data,"Consultant, Public Affairs - Energy",https://fticonsulting.wd108.myworkdayjobs.com/en-US/FTIConsultingCareers/job/Washington-DC/Consultant--Public-Affairs---Energy_JR260TS-TEE?q=data,card[css-19uc56f  jobTitle]; data-automation-id=jobTitle; url[/job/]; title_pattern,2026-06-21T22:39:56.777095+00:00
FTI Consulting Life Sciences,https://www.fticonsulting.com/careers,Workday (embedded/blocked API),data,"Senior Consultant, CPA, Technical Accounting & Advisory",https://fticonsulting.wd108.myworkdayjobs.com/en-US/FTIConsultingCareers/job/Boston-MA/Senior-Consultant--CPA--Technical-Accounting---Advisory_JR260KS-TEE?q=data,card[css-19uc56f  jobTitle]; data-automation-id=jobTitle; url[/job/]; title_pattern,2026-06-21T22:39:56.777095+00:00
FTI Consulting Life Sciences,https://www.fticonsulting.com/careers,Workday (embedded/blocked API),data,"Consultant, Lender Services | Corporate Finance",https://fticonsulting.wd108.myworkdayjobs.com/en-US/FTIConsultingCareers/job/Chicago-IL/Consultant--Lender-Services---Corporate-Finance_JR260114?q=data,card[css-19uc56f  jobTitle]; data-automation-id=jobTitle; url[/job/]; title_pattern,2026-06-21T22:39:56.777095+00:00
FTI Consulting Life Sciences,https://www.fticonsulting.com/careers,Workday (embedded/blocked API),medical writer,"Director, Business Transformation (Operations) | Corporate Finance & Restructuring",https://fticonsulting.wd108.myworkdayjobs.com/en-US/FTIConsultingCareers/job/London-United-Kingdom/Director--Business-Transformation--Operations----Corporate-Finance---Restructuring_JR251VG-TEE?q=medical%20writer,card[css-19uc56f  jobTitle]; data-automation-id=jobTitle; url[/job/]; title_pattern,2026-06-21T22:40:06.082534+00:00
FTI Consulting Life Sciences,https://www.fticonsulting.com/careers,Workday (embedded/blocked API),medical writer,"Senior Consultant, Business Transformation (Operations) | Corporate Finance & Restructuring",https://fticonsulting.wd108.myworkdayjobs.com/en-US/FTIConsultingCareers/job/London-United-Kingdom/Senior-Consultant--Business-Transformation--Operations----Corporate-Finance---Restructuring_JR251VF-TEE?q=medical%20writer,card[css-19uc56f  jobTitle]; data-automation-id=jobTitle; url[/job/]; title_pattern,2026-06-21T22:40:06.082534+00:00
FTI Consulting Life Sciences,https://www.fticonsulting.com/careers,Workday (embedded/blocked API),public health,"Consultant, Center for Healthcare Economics and Policy",https://fticonsulting.wd108.myworkdayjobs.com/en-US/FTIConsultingCareers/job/Washington-DC/Consultant--Center-for-Healthcare-Economics-and-Policy_JR260135-1?q=public%20health,card[css-19uc56f  jobTitle]; data-automation-id=jobTitle; url[/job/]; title_pattern,2026-06-21T22:40:09.194414+00:00
FTI Consulting Life Sciences,https://www.fticonsulting.com/careers,Workday (embedded/blocked API),public health,Director - Accounting Advisory,https://fticonsulting.wd108.myworkdayjobs.com/en-US/FTIConsultingCareers/job/Melbourne-Australia/Director---Accounting-Advisory_JR260119?q=public%20health,card[css-19uc56f  jobTitle]; data-automation-id=jobTitle; url[/job/]; title_pattern,2026-06-21T22:40:09.194414+00:00
FTI Consulting Life Sciences,https://www.fticonsulting.com/careers,Workday (embedded/blocked API),public health,Senior Director - Accounting Adsivory,https://fticonsulting.wd108.myworkdayjobs.com/en-US/FTIConsultingCareers/job/Melbourne-Australia/Senior-Director---Accounting-Adsivory_JR260118?q=public%20health,card[css-19uc56f  jobTitle]; data-automation-id=jobTitle; url[/job/]; title_pattern,2026-06-21T22:40:09.194414+00:00
FTI Consulting Life Sciences,https://www.fticonsulting.com/careers,Workday (embedded/blocked API),public health,"Senior Director - Valuations, Melbourne",https://fticonsulting.wd108.myworkdayjobs.com/en-US/FTIConsultingCareers/job/Melbourne-Australia/Senior-Director---Valuations--Melbourne_JR260OO-TEE?q=public%20health,card[css-19uc56f  jobTitle]; data-automation-id=jobTitle; url[/job/]; title_pattern,2026-06-21T22:40:09.194414+00:00
FTI Consulting Life Sciences,https://www.fticonsulting.com/careers,Workday (embedded/blocked API),public health,Risk & Compliance Officer,https://fticonsulting.wd108.myworkdayjobs.com/en-US/FTIConsultingCareers/job/Melbourne-Australia/Risk---Compliance-Officer_JR260074?q=public%20health,card[css-19uc56f  jobTitle]; data-automation-id=jobTitle; url[/job/]; title_pattern,2026-06-21T22:40:09.194414+00:00
FTI Consulting Life Sciences,https://www.fticonsulting.com/careers,Workday (embedded/blocked API),public health,"Director, Corporate Reputation",https://fticonsulting.wd108.myworkdayjobs.com/en-US/FTIConsultingCareers/job/Brussels-Belgium/Director--Corporate-Reputation_JR260040?q=public%20health,card[css-19uc56f  jobTitle]; data-automation-id=jobTitle; url[/job/]; title_pattern,2026-06-21T22:40:09.194414+00:00
FTI Consulting Life Sciences,https://www.fticonsulting.com/careers,Workday (embedded/blocked API),public health,"Consultant - Cybersecurity, Sydney",https://fticonsulting.wd108.myworkdayjobs.com/en-US/FTIConsultingCareers/job/Sydney-Australia/Consultant---Cybersecurity--Sydney_JR260SY-TEE?q=public%20health,card[css-19uc56f  jobTitle]; data-automation-id=jobTitle; url[/job/]; title_pattern,2026-06-21T22:40:09.194414+00:00
FTI Consulting Life Sciences,https://www.fticonsulting.com/careers,Workday (embedded/blocked API),public health,Senior Consultant - Valuations,https://fticonsulting.wd108.myworkdayjobs.com/en-US/FTIConsultingCareers/job/Melbourne-Australia/Senior-Consultant---Valuations_JR260UQ-TEE?q=public%20health,card[css-19uc56f  jobTitle]; data-automation-id=jobTitle; url[/job/]; title_pattern,2026-06-21T22:40:09.194414+00:00
FTI Consulting Life Sciences,https://www.fticonsulting.com/careers,Workday (embedded/blocked API),public health,Consultant / Senior Consultant - Data & Analytics (Healthcare),https://fticonsulting.wd108.myworkdayjobs.com/en-US/FTIConsultingCareers/job/Sydney-Australia/Consultant---Senior-Consultant----Data---Analytics--Healthcare-_JR260X7-TEE?q=public%20health,card[css-19uc56f  jobTitle]; data-automation-id=jobTitle; url[/job/]; title_pattern,2026-06-21T22:40:09.194414+00:00
FTI Consulting Life Sciences,https://www.fticonsulting.com/careers,Workday (embedded/blocked API),public health,"Director, Financial Communications - Healthcare & Life Sciences",https://fticonsulting.wd108.myworkdayjobs.com/en-US/FTIConsultingCareers/job/Washington-DC/Director--Financial-Communications---Healthcare---Life-Sciences_JR251YV-TEE?q=public%20health,card[css-19uc56f  jobTitle]; data-automation-id=jobTitle; url[/job/]; title_pattern,2026-06-21T22:40:09.194414+00:00
FTI Consulting Life Sciences,https://www.fticonsulting.com/careers,Workday (embedded/blocked API),outcomes research,"Consultant, Center for Healthcare Economics and Policy",https://fticonsulting.wd108.myworkdayjobs.com/en-US/FTIConsultingCareers/job/Washington-DC/Consultant--Center-for-Healthcare-Economics-and-Policy_JR260135-1?q=outcomes%20research,card[css-19uc56f  jobTitle]; data-automation-id=jobTitle; url[/job/]; title_pattern,2026-06-21T22:40:15.385964+00:00
FTI Consulting Life Sciences,https://www.fticonsulting.com/careers,Workday (embedded/blocked API),outcomes research,Manager - Mining Transformation Consulting,https://fticonsulting.wd108.myworkdayjobs.com/en-US/FTIConsultingCareers/job/Brisbane-Australia/Director---BT-Mining---Brisbane_JR260MK-TEE?q=outcomes%20research,card[css-19uc56f  jobTitle]; data-automation-id=jobTitle; url[/job/]; title_pattern,2026-06-21T22:40:15.385964+00:00
FTI Consulting Life Sciences,https://www.fticonsulting.com/careers,Workday (embedded/blocked API),outcomes research,Data Scientist | Artifical Intelligence,https://fticonsulting.wd108.myworkdayjobs.com/en-US/FTIConsultingCareers/job/London-United-Kingdom/Data-Scientist---Data---Analytics-AI---Forensic---Litigation-Consulting_JR260XP-TEE?q=outcomes%20research,card[css-19uc56f  jobTitle]; data-automation-id=jobTitle; url[/job/]; title_pattern,2026-06-21T22:40:15.385964+00:00
Franciscan Health,https://www.franciscanhealth.org/careers,Workday,research,Clinical Research Coordinator,https://jobs.franciscanhealth.org/us/en/job/R-127111/Clinical-Research-Coordinator,card[jobs-list-item au-target phw-card-block-nd]; url[/job/]; title_pattern,2026-06-21T22:41:58.509605+00:00
Franciscan Health,https://www.franciscanhealth.org/careers,Workday,research,Clinical Nurse Specialist,https://jobs.franciscanhealth.org/us/en/job/R-125282/Clinical-Nurse-Specialist,card[jobs-list-item au-target phw-card-block-nd]; url[/job/]; title_pattern,2026-06-21T22:41:58.509605+00:00
Franciscan Health,https://www.franciscanhealth.org/careers,Workday,research,Administrative Assistant,https://jobs.franciscanhealth.org/us/en/job/R-127899/Administrative-Assistant,card[jobs-list-item au-target phw-card-block-nd]; url[/job/]; title_pattern,2026-06-21T22:41:58.509605+00:00
Franciscan Health,https://www.franciscanhealth.org/careers,Workday,research,CDI Quality Analyst,https://jobs.franciscanhealth.org/us/en/job/R-123880/CDI-Quality-Analyst,card[jobs-list-item au-target phw-card-block-nd]; url[/job/]; title_pattern,2026-06-21T22:41:58.509605+00:00
Franciscan Health,https://www.franciscanhealth.org/careers,Workday,research,Clinical Resource Nurse,https://jobs.franciscanhealth.org/us/en/job/R-125448/Clinical-Resource-Nurse,card[jobs-list-item au-target phw-card-block-nd]; url[/job/]; title_pattern,2026-06-21T22:41:58.509605+00:00
Franciscan Health,https://www.franciscanhealth.org/careers,Workday,research,Refund Credit Balance Specialist,https://jobs.franciscanhealth.org/us/en/job/R-127272/Refund-Credit-Balance-Specialist,card[jobs-list-item au-target phw-card-block-nd]; url[/job/]; title_pattern,2026-06-21T22:41:58.509605+00:00
Franciscan Health,https://www.franciscanhealth.org/careers,Workday,research,Physician - Gynecology Oncology,https://jobs.franciscanhealth.org/us/en/job/R-128136/Physician-Gynecology-Oncology,card[jobs-list-item au-target phw-card-block-nd]; url[/job/]; title_pattern,2026-06-21T22:41:58.509605+00:00
Franciscan Health,https://www.franciscanhealth.org/careers,Workday,research,Ultrasound Supervisor,https://jobs.franciscanhealth.org/us/en/job/R-127794/Ultrasound-Supervisor,card[jobs-list-item au-target phw-card-block-nd]; url[/job/]; title_pattern,2026-06-21T22:41:58.509605+00:00
Franciscan Health,https://www.franciscanhealth.org/careers,Workday,data,AI Enablement Manager,https://jobs.franciscanhealth.org/us/en/job/R-126913/AI-Enablement-Manager,card[jobs-list-item au-target phw-card-block-nd]; url[/job/]; title_pattern,2026-06-21T22:42:01.658676+00:00
Franciscan Health,https://www.franciscanhealth.org/careers,Workday,data,Physician - Cardiology Non-Structural Interventional,https://jobs.franciscanhealth.org/us/en/job/R-110915/Physician-Cardiology-Non-Structural-Interventional,card[jobs-list-item au-target phw-card-block-nd]; url[/job/]; title_pattern,2026-06-21T22:42:01.658676+00:00
Franciscan Health,https://www.franciscanhealth.org/careers,Workday,data,Physician - Cardiology Non-Invasive,https://jobs.franciscanhealth.org/us/en/job/R-113210/Physician-Cardiology-Non-Invasive,card[jobs-list-item au-target phw-card-block-nd]; url[/job/]; title_pattern,2026-06-21T22:42:01.658676+00:00
Franciscan Health,https://www.franciscanhealth.org/careers,Workday,data,Physician - Cardiology Non-Invasive,https://jobs.franciscanhealth.org/us/en/job/R-101060/Physician-Cardiology-Non-Invasive,card[jobs-list-item au-target phw-card-block-nd]; url[/job/]; title_pattern,2026-06-21T22:42:01.658676+00:00
Franciscan Health,https://www.franciscanhealth.org/careers,Workday,data,SANE RN - Center of Hope Coordinator,https://jobs.franciscanhealth.org/us/en/job/R-127981/SANE-RN-Center-of-Hope-Coordinator,card[jobs-list-item au-target phw-card-block-nd]; url[/job/]; title_pattern,2026-06-21T22:42:01.658676+00:00
Franciscan Health,https://www.franciscanhealth.org/careers,Workday,medical writer,Leave Specialist,https://jobs.franciscanhealth.org/us/en/job/R-128507/Leave-Specialist,card[jobs-list-item au-target phw-card-block-nd]; url[/job/]; title_pattern,2026-06-21T22:42:10.975877+00:00
Franciscan Health,https://www.franciscanhealth.org/careers,Workday,medical writer,Medical Assistant Float,https://jobs.franciscanhealth.org/us/en/job/R-124294/Medical-Assistant-Float,card[jobs-list-item au-target phw-card-block-nd]; url[/job/]; title_pattern,2026-06-21T22:42:10.975877+00:00
Franciscan Health,https://www.franciscanhealth.org/careers,Workday,medical writer,Medical Assistant,https://jobs.franciscanhealth.org/us/en/job/R-125219/Medical-Assistant,card[jobs-list-item au-target phw-card-block-nd]; url[/job/]; title_pattern,2026-06-21T22:42:10.975877+00:00
Franciscan Health,https://www.franciscanhealth.org/careers,Workday,medical writer,Program Coordinator Informatics,https://jobs.franciscanhealth.org/us/en/job/R-127120/Program-Coordinator-Informatics,card[jobs-list-item au-target phw-card-block-nd]; url[/job/]; title_pattern,2026-06-21T22:42:10.975877+00:00
Franciscan Health,https://www.franciscanhealth.org/careers,Workday,medical writer,Physician - Gastroenterology Hospitalist,https://jobs.franciscanhealth.org/us/en/job/R-116476/Physician-Gastroenterology-Hospitalist,card[jobs-list-item au-target phw-card-block-nd]; url[/job/]; title_pattern,2026-06-21T22:42:10.975877+00:00
Froedtert Hospital,https://jobs.froedtert.com/,Workday,research,"CLINICAL NURSE SPEC-CERT, FH NEUROSCIENCES",https://jobs.froedtert.com/job/144486/CLINICAL-NURSE-SPEC-CERT-FH-NEUROSCIENCES,card[jobs-list-item]; url[/job/]; title_pattern,2026-06-21T22:42:35.504832+00:00
Froedtert Hospital,https://jobs.froedtert.com/,Workday,research,CLINICAL NURSE SPECIALIST APNP - INPATIENT REHAB,https://jobs.froedtert.com/job/130988/CLINICAL-NURSE-SPECIALIST-APNP-INPATIENT-REHAB,card[jobs-list-item]; url[/job/]; title_pattern,2026-06-21T22:42:35.504832+00:00
Froedtert Hospital,https://jobs.froedtert.com/,Workday,research,MRI Technologist Froedtert Hospital,https://jobs.froedtert.com/job/174282/MRI-Technologist-Froedtert-Hospital,card[jobs-list-item]; url[/job/]; title_pattern,2026-06-21T22:42:35.504832+00:00
Froedtert Hospital,https://jobs.froedtert.com/,Workday,research,MRI Technologist Froedtert Hospital,https://jobs.froedtert.com/job/174281/MRI-Technologist-Froedtert-Hospital,card[jobs-list-item]; url[/job/]; title_pattern,2026-06-21T22:42:35.504832+00:00
Froedtert Hospital,https://jobs.froedtert.com/,Workday,research,RN DIABETES EDUCATOR,https://jobs.froedtert.com/job/174073/RN-DIABETES-EDUCATOR,card[jobs-list-item]; url[/job/]; title_pattern,2026-06-21T22:42:35.504832+00:00
Froedtert Hospital,https://jobs.froedtert.com/,Workday,research,MASSAGE THERAPIST - Milwaukee and Oak Creek,https://jobs.froedtert.com/job/123561/MASSAGE-THERAPIST-Milwaukee-and-Oak-Creek,card[jobs-list-item]; url[/job/]; title_pattern,2026-06-21T22:42:35.504832+00:00
Geisinger Commonwealth School of Medicine,https://www.geisinger.org/careers,Workday,research,"Research Assistant Danville, PA",https://jobs.geisinger.org/job/danville/research-assistant/12064/94771212480,card[search-results-list]; url[/job/]; title_pattern,2026-06-21T22:43:44.514803+00:00
Geisinger Commonwealth School of Medicine,https://www.geisinger.org/careers,Workday,research,"Director of Pediatric Research Danville, PA",https://jobs.geisinger.org/job/danville/director-of-pediatric-research/12064/72467603168,card[search-results-list]; url[/job/]; title_pattern,2026-06-21T22:43:44.514803+00:00
Geisinger Commonwealth School of Medicine,https://www.geisinger.org/careers,Workday,research,"Research Project Coordinator Danville, PA",https://jobs.geisinger.org/job/danville/research-project-coordinator/12064/96554419040,card[search-results-list]; url[/job/]; title_pattern,2026-06-21T22:43:44.514803+00:00
Geisinger Commonwealth School of Medicine,https://www.geisinger.org/careers,Workday,research,"Research Project Coordinator Danville, PA",https://jobs.geisinger.org/job/danville/research-project-coordinator/12064/96554419024,card[search-results-list]; url[/job/]; title_pattern,2026-06-21T22:43:44.514803+00:00
Geisinger Commonwealth School of Medicine,https://www.geisinger.org/careers,Workday,research,"Associate Professor/Clinical Investigator - Nephrology Danville, PA",https://jobs.geisinger.org/job/danville/associate-professor-clinical-investigator-nephrology/12064/88014627408,card[search-results-list]; url[/job/]; title_pattern,2026-06-21T22:43:44.514803+00:00
Geisinger Commonwealth School of Medicine,https://www.geisinger.org/careers,Workday,research,"Genetic Counseling Assistant (On-site) Danville, PA",https://jobs.geisinger.org/job/danville/genetic-counseling-assistant-on-site/12064/91595157840,card[search-results-list]; url[/job/]; title_pattern,2026-06-21T22:43:44.514803+00:00
Geisinger Commonwealth School of Medicine,https://www.geisinger.org/careers,Workday,research,"Biostatistician Danville, PA",https://jobs.geisinger.org/job/danville/biostatistician/12064/95758097792,card[search-results-list]; url[/job/]; title_pattern,2026-06-21T22:43:44.514803+00:00
Geisinger Commonwealth School of Medicine,https://www.geisinger.org/careers,Workday,research,"Pediatric Neurology Division Director Danville, PA",https://jobs.geisinger.org/job/danville/pediatric-neurology-division-director/12064/88424684896,card[search-results-list]; url[/job/]; title_pattern,2026-06-21T22:43:44.514803+00:00
Geisinger Commonwealth School of Medicine,https://www.geisinger.org/careers,Workday,research,"Director of Pediatric Quality and Safety Danville, PA",https://jobs.geisinger.org/job/danville/director-of-pediatric-quality-and-safety/12064/58287175008,card[search-results-list]; url[/job/]; title_pattern,2026-06-21T22:43:44.514803+00:00
Geisinger Commonwealth School of Medicine,https://www.geisinger.org/careers,Workday,research,"Physician Gastroenterology Scranton, PA",https://jobs.geisinger.org/job/scranton/physician-gastroenterology/12064/82101998000,card[search-results-list]; url[/job/]; title_pattern,2026-06-21T22:43:44.514803+00:00
Geisinger Commonwealth School of Medicine,https://www.geisinger.org/careers,Workday,medical writer,"Medical Assistant or Certified Medical Assistant - Cardiology Danville, PA",https://jobs.geisinger.org/job/danville/medical-assistant-or-certified-medical-assistant-cardiology/12064/89802936592,card[search-results-list]; url[/job/]; title_pattern,2026-06-21T22:43:57.886763+00:00
Geisinger Commonwealth School of Medicine,https://www.geisinger.org/careers,Workday,medical writer,"Medical Assistant or Certified Medical Assistant - Urology Pittston, PA",https://jobs.geisinger.org/job/pittston/medical-assistant-or-certified-medical-assistant-urology/12064/96339261904,card[search-results-list]; url[/job/]; title_pattern,2026-06-21T22:43:57.886763+00:00
Geisinger Commonwealth School of Medicine,https://www.geisinger.org/careers,Workday,medical writer,"Medical Assistant or Certified Medical Assistant - Hematology Oncology Danville, PA",https://jobs.geisinger.org/job/danville/medical-assistant-or-certified-medical-assistant-hematology-oncology/12064/96180085840,card[search-results-list]; url[/job/]; title_pattern,2026-06-21T22:43:57.886763+00:00
Geisinger Commonwealth School of Medicine,https://www.geisinger.org/careers,Workday,medical writer,"Medical Assistant or Certified Medical Assistant - Vascular Surgery Danville, PA",https://jobs.geisinger.org/job/danville/medical-assistant-or-certified-medical-assistant-vascular-surgery/12064/94380608912,card[search-results-list]; url[/job/]; title_pattern,2026-06-21T22:43:57.886763+00:00
Geisinger Commonwealth School of Medicine,https://www.geisinger.org/careers,Workday,medical writer,"Medical Laboratory Scientist or Medical Laboratory Technician- Jersey Shore, PA",https://jobs.geisinger.org/job/jersey-shore/medical-laboratory-scientist-or-medical-laboratory-technician/12064/93911141888,card[search-results-list]; url[/job/]; title_pattern,2026-06-21T22:43:57.886763+00:00
Geisinger Commonwealth School of Medicine,https://www.geisinger.org/careers,Workday,medical writer,"Medical Assistant OR Certified Medical Assistant - Orthopedics Danville, PA",https://jobs.geisinger.org/job/danville/medical-assistant-or-certified-medical-assistant-orthopedics/12064/96180086048,card[search-results-list]; url[/job/]; title_pattern,2026-06-21T22:43:57.886763+00:00
Geisinger Commonwealth School of Medicine,https://www.geisinger.org/careers,Workday,medical writer,"Medical Assistant or Certified Medical Assistant - EKG Lab Wilkes-Barre, PA",https://jobs.geisinger.org/job/wilkes-barre/medical-assistant-or-certified-medical-assistant-ekg-lab/12064/94849373264,card[search-results-list]; url[/job/]; title_pattern,2026-06-21T22:43:57.886763+00:00
Geisinger Commonwealth School of Medicine,https://www.geisinger.org/careers,Workday,medical writer,"Medical Laboratory Scientist or Medical Laboratory Technician Scranton, PA",https://jobs.geisinger.org/job/scranton/medical-laboratory-scientist-or-medical-laboratory-technician/12064/96598401136,card[search-results-list]; url[/job/]; title_pattern,2026-06-21T22:43:57.886763+00:00
Geisinger Commonwealth School of Medicine,https://www.geisinger.org/careers,Workday,medical writer,"Certified Medical Assistant Minersville, PA",https://jobs.geisinger.org/job/minersville/certified-medical-assistant/12064/95597335664,card[search-results-list]; url[/job/]; title_pattern,2026-06-21T22:43:57.886763+00:00
Geisinger Commonwealth School of Medicine,https://www.geisinger.org/careers,Workday,medical writer,"Medical Laboratory Scientist or Medical Laboratory Technician Bloomsburg, PA",https://jobs.geisinger.org/job/bloomsburg/medical-laboratory-scientist-or-medical-laboratory-technician/12064/95712509888,card[search-results-list]; url[/job/]; title_pattern,2026-06-21T22:43:57.886763+00:00
Geisinger Commonwealth School of Medicine,https://www.geisinger.org/careers,Workday,medical writer,"Medical Laboratory Technician Lewistown, PA",https://jobs.geisinger.org/job/lewistown/medical-laboratory-technician/12064/94817921168,card[search-results-list]; url[/job/]; title_pattern,2026-06-21T22:43:57.886763+00:00
Geisinger Commonwealth School of Medicine,https://www.geisinger.org/careers,Workday,medical writer,"Medical Assistant or Certified Medical Assistant - Hematology Oncology Wilkes-Barre, PA",https://jobs.geisinger.org/job/wilkes-barre/medical-assistant-or-certified-medical-assistant-hematology-oncology/12064/95298340096,card[search-results-list]; url[/job/]; title_pattern,2026-06-21T22:43:57.886763+00:00
Geisinger Commonwealth School of Medicine,https://www.geisinger.org/careers,Workday,medical writer,"Medical Laboratory Scientist or Medical Laboratory Technician - Part time Muncy, PA",https://jobs.geisinger.org/job/muncy/medical-laboratory-scientist-or-medical-laboratory-technician-part-time/12064/95675971216,card[search-results-list]; url[/job/]; title_pattern,2026-06-21T22:43:57.886763+00:00
Geisinger Commonwealth School of Medicine,https://www.geisinger.org/careers,Workday,medical writer,"Certified Medical Assistant- CMA Lewistown, PA",https://jobs.geisinger.org/job/lewistown/certified-medical-assistant-cma/12064/96607597744,card[search-results-list]; url[/job/]; title_pattern,2026-06-21T22:43:57.886763+00:00
Geisinger Commonwealth School of Medicine,https://www.geisinger.org/careers,Workday,medical writer,"Medical Laboratory Scientist Danville, PA",https://jobs.geisinger.org/job/danville/medical-laboratory-scientist/12064/96311470368,card[search-results-list]; url[/job/]; title_pattern,2026-06-21T22:43:57.886763+00:00
Geisinger Commonwealth School of Medicine,https://www.geisinger.org/careers,Workday,public health,"Medical Education Faculty - Medical Humanities and Health Justice Scranton, PA",https://jobs.geisinger.org/job/scranton/medical-education-faculty-medical-humanities-and-health-justice/12064/91801794048,card[search-results-list]; url[/job/]; title_pattern,2026-06-21T22:44:01.048535+00:00
Geisinger Commonwealth School of Medicine,https://www.geisinger.org/careers,Workday,public health,"Urologist Physician State College, PA",https://jobs.geisinger.org/job/state-college/urologist-physician/12064/77703603792,card[search-results-list]; url[/job/]; title_pattern,2026-06-21T22:44:01.048535+00:00
Geisinger Commonwealth School of Medicine,https://www.geisinger.org/careers,Workday,public health,"Urologist- Geisinger Female Pelvic Medicine and Reconstructive Surgeon (FPMR) Wilkes-Barre, PA",https://jobs.geisinger.org/job/wilkes-barre/urologist-geisinger-female-pelvic-medicine-and-reconstructive-surgeon-fpmr/12064/58869722688,card[search-results-list]; url[/job/]; title_pattern,2026-06-21T22:44:01.048535+00:00
Geisinger Commonwealth School of Medicine,https://www.geisinger.org/careers,Workday,outcomes research,"Vascular Surgeon Danville, PA",https://jobs.geisinger.org/job/danville/vascular-surgeon/12064/92311572976,card[search-results-list]; url[/job/]; title_pattern,2026-06-21T22:44:07.656976+00:00
HDR Federal Health,https://www.hdrinc.com/careers,Workday,outcomes research,Architectural Best Practices for Behavioral Health: A Case Study at VCBR,https://www.hdrinc.com/insights/architectural-best-practices-behavioral-health-case-study-vcbr,card[insights--search-results--content search-result--c]; title_pattern,2026-06-21T22:47:19.973580+00:00
Harris Health System,https://jobs.harrishealth.org/,Workday (embedded/blocked API),research,Sr. Solutions Architect - IFS,https://jobs.harrishealth.org/sr-solutions-architect-ifs/job/88FEBDA6E98ECBE775ECEA3097754B72,card[results-list__item-title--link]; url[/job/]; title_pattern,2026-06-21T22:47:26.935084+00:00
Harris Health System,https://jobs.harrishealth.org/,Workday (embedded/blocked API),research,Senior Solutions Architect,https://jobs.harrishealth.org/senior-solutions-architect/job/AAC4401175FBE85CD5C3DFFD9E848A37,card[results-list__item-title--link]; url[/job/]; title_pattern,2026-06-21T22:47:26.935084+00:00
Harris Health System,https://jobs.harrishealth.org/,Workday (embedded/blocked API),research,Supplemental Occupational Therapist Sr,https://jobs.harrishealth.org/supplemental-occupational-therapist-sr/job/9BF1D7EE7C2189139ABB0FD461A52B43,card[results-list__item-title--link]; url[/job/]; title_pattern,2026-06-21T22:47:26.935084+00:00
Harris Health System,https://jobs.harrishealth.org/,Workday (embedded/blocked API),research,Med Technologist Supervisor- Ben Taub,https://jobs.harrishealth.org/med-technologist-supervisor-ben-taub/job/BB1B4E76A34B0EAB38252289B0FE8832,card[results-list__item-title--link]; url[/job/]; title_pattern,2026-06-21T22:47:26.935084+00:00
Harris Health System,https://jobs.harrishealth.org/,Workday (embedded/blocked API),research,Assistant Nurse Manager Inpatient - Ben Taub - MedSurg 5F Nursing Unit,https://jobs.harrishealth.org/assistant-nurse-manager-inpatient-ben-taub-medsurg-5f-nursing-unit/job/293E0125CB690EF42F92C8259E4C0ECB,card[results-list__item-title--link]; url[/job/]; title_pattern,2026-06-21T22:47:26.935084+00:00
Harris Health System,https://jobs.harrishealth.org/,Workday (embedded/blocked API),research,Sup Pharmacist,https://jobs.harrishealth.org/sup-pharmacist/job/A737E4D095586F2EF5C961959EE2EB99,card[results-list__item-title--link]; url[/job/]; title_pattern,2026-06-21T22:47:26.935084+00:00
Harris Health System,https://jobs.harrishealth.org/,Workday (embedded/blocked API),research,Sup Pharmacist,https://jobs.harrishealth.org/sup-pharmacist/job/FDFDF66196DD33896496DBDB7967094F,card[results-list__item-title--link]; url[/job/]; title_pattern,2026-06-21T22:47:26.935084+00:00
Harris Health System,https://jobs.harrishealth.org/,Workday (embedded/blocked API),research,Sup Pharmacist,https://jobs.harrishealth.org/sup-pharmacist/job/256B826557637FDCA97365A4400E9268,card[results-list__item-title--link]; url[/job/]; title_pattern,2026-06-21T22:47:26.935084+00:00
Harris Health System,https://jobs.harrishealth.org/,Workday (embedded/blocked API),research,Sup Clinical Resource Nurse II,https://jobs.harrishealth.org/sup-clinical-resource-nurse-ii/job/96751C9AB4A7ADAABF6503E9A3F8440A,card[results-list__item-title--link]; url[/job/]; title_pattern,2026-06-21T22:47:26.935084+00:00
Harris Health System,https://jobs.harrishealth.org/,Workday (embedded/blocked API),data,Information Security Engineer Sr - Data Loss Prevention (DLP),https://jobs.harrishealth.org/information-security-engineer-sr-data-loss-prevention-dlp/job/CD2EC5846246D47ED25D24CB1776F43E,card[results-list__item-title--link]; url[/job/]; title_pattern,2026-06-21T22:47:30.069947+00:00
Harris Health System,https://jobs.harrishealth.org/,Workday (embedded/blocked API),data,Materials Systems Analyst II,https://jobs.harrishealth.org/materials-systems-analyst-ii/job/3F42F0E3D25C2B949E72745B57525468,card[results-list__item-title--link]; url[/job/]; title_pattern,2026-06-21T22:47:30.069947+00:00
Harris Health System,https://jobs.harrishealth.org/,Workday (embedded/blocked API),data,Clinical Quality Informatics Analyst II,https://jobs.harrishealth.org/clinical-quality-informatics-analyst-ii/job/55C6033E6E9D048036437035FA37911F,card[results-list__item-title--link]; url[/job/]; title_pattern,2026-06-21T22:47:30.069947+00:00
Harris Health System,https://jobs.harrishealth.org/,Workday (embedded/blocked API),data,Manager- Financial IS & BI - Cost Accounting,https://jobs.harrishealth.org/manager-financial-is-bi-cost-accounting/job/DF50150D44193979B22528D4385C7B71,card[results-list__item-title--link]; url[/job/]; title_pattern,2026-06-21T22:47:30.069947+00:00
Harris Health System,https://jobs.harrishealth.org/,Workday (embedded/blocked API),data,Director Artificial Intelligence,https://jobs.harrishealth.org/director-artificial-intelligence/job/F1D8D5C9F5A7A54654CC4BD922BD52BB,card[results-list__item-title--link]; url[/job/]; title_pattern,2026-06-21T22:47:30.069947+00:00
Harris Health System,https://jobs.harrishealth.org/,Workday (embedded/blocked API),data,Manager Health Promotion,https://jobs.harrishealth.org/manager-health-promotion/job/B29ADFF9DF22CB3FBCBEF71D78EA7D28,card[results-list__item-title--link]; url[/job/]; title_pattern,2026-06-21T22:47:30.069947+00:00
Harris Health System,https://jobs.harrishealth.org/,Workday (embedded/blocked API),data,Information Security Engineer - Security Operations (SOC),https://jobs.harrishealth.org/information-security-engineer-security-operations-soc/job/64CD906BE29E61E7C916364893FC914C,card[results-list__item-title--link]; url[/job/]; title_pattern,2026-06-21T22:47:30.069947+00:00
Harris Health System,https://jobs.harrishealth.org/,Workday (embedded/blocked API),data,Cancer Registry Manager,https://jobs.harrishealth.org/cancer-registry-manager/job/AE23FA72F7D5146C8194BB79A158BFD8,card[results-list__item-title--link]; url[/job/]; title_pattern,2026-06-21T22:47:30.069947+00:00
Harris Health System,https://jobs.harrishealth.org/,Workday (embedded/blocked API),epidemiology,MRI Technologist - F/T - Radiology MRI (Ben Taub Hospital),https://jobs.harrishealth.org/mri-technologist-f-t-radiology-mri-ben-taub-hospital/job/558965C301FDA8C7E7FCCCB090F48469,card[results-list__item-title--link]; url[/job/]; title_pattern,2026-06-21T22:47:33.182523+00:00
Harris Health System,https://jobs.harrishealth.org/,Workday (embedded/blocked API),epidemiology,Radiologic Technologist-Day-LBJ,https://jobs.harrishealth.org/radiologic-technologist-day-lbj/job/CB1A5403CABD0CDE9E31AE7AEE18A3AE,card[results-list__item-title--link]; url[/job/]; title_pattern,2026-06-21T22:47:33.182523+00:00
Harris Health System,https://jobs.harrishealth.org/,Workday (embedded/blocked API),epidemiology,Sr. Radiologic Technologist,https://jobs.harrishealth.org/sr-radiologic-technologist/job/D41E8BCE1B06BB0B43E0905842488DD2,card[results-list__item-title--link]; url[/job/]; title_pattern,2026-06-21T22:47:33.182523+00:00
Harris Health System,https://jobs.harrishealth.org/,Workday (embedded/blocked API),epidemiology,Nurse Clinician II-FT Radiology Special Procedures (Ben Taub Hospital),https://jobs.harrishealth.org/nurse-clinician-ii-ft-radiology-special-procedures-ben-taub-hospital/job/DE8C58DBC69843667F227AECC76B996F,card[results-list__item-title--link]; url[/job/]; title_pattern,2026-06-21T22:47:33.182523+00:00
Harris Health System,https://jobs.harrishealth.org/,Workday (embedded/blocked API),medical writer,Emergency Medical Technician,https://jobs.harrishealth.org/emergency-medical-technician/job/9EF61686441E33AA656AFDECBDB6049A,card[results-list__item-title--link]; url[/job/]; title_pattern,2026-06-21T22:47:39.423484+00:00
Harris Health System,https://jobs.harrishealth.org/,Workday (embedded/blocked API),medical writer,Supplemental Medical Assistant,https://jobs.harrishealth.org/supplemental-medical-assistant/job/F0CAA892A882576DA515B906F1B17BD5,card[results-list__item-title--link]; url[/job/]; title_pattern,2026-06-21T22:47:39.423484+00:00
Harris Health System,https://jobs.harrishealth.org/,Workday (embedded/blocked API),medical writer,Tech Writer Pol & Proc,https://jobs.harrishealth.org/tech-writer-pol-proc/job/04D603731A060E1151084F884E0D687D,card[results-list__item-title--link]; url[/job/]; title_pattern,2026-06-21T22:47:39.423484+00:00
Harris Health System,https://jobs.harrishealth.org/,Workday (embedded/blocked API),medical writer,Emergency Medical Technician,https://jobs.harrishealth.org/emergency-medical-technician/job/12D212FCDEE99ADC5BF72A874DB2F266,card[results-list__item-title--link]; url[/job/]; title_pattern,2026-06-21T22:47:39.423484+00:00
Harris Health System,https://jobs.harrishealth.org/,Workday (embedded/blocked API),medical writer,Medical Assistant- Float,https://jobs.harrishealth.org/medical-assistant-float/job/6085C9EB7250A2EE72D2D14BDC5F905D,card[results-list__item-title--link]; url[/job/]; title_pattern,2026-06-21T22:47:39.423484+00:00
Harris Health System,https://jobs.harrishealth.org/,Workday (embedded/blocked API),medical writer,Emergency Medical Technician,https://jobs.harrishealth.org/emergency-medical-technician/job/6320C60ED30F749BAF460A9937963F95,card[results-list__item-title--link]; url[/job/]; title_pattern,2026-06-21T22:47:39.423484+00:00
Harris Health System,https://jobs.harrishealth.org/,Workday (embedded/blocked API),medical writer,Emergency Medical Technician,https://jobs.harrishealth.org/emergency-medical-technician/job/9F977DF582B686B326C73B6290377A86,card[results-list__item-title--link]; url[/job/]; title_pattern,2026-06-21T22:47:39.423484+00:00
Harris Health System,https://jobs.harrishealth.org/,Workday (embedded/blocked API),medical writer,Medical Assistant- Smith Clinic,https://jobs.harrishealth.org/medical-assistant-smith-clinic/job/530E8572931640FB08C6C23E7711C365,card[results-list__item-title--link]; url[/job/]; title_pattern,2026-06-21T22:47:39.423484+00:00
Harris Health System,https://jobs.harrishealth.org/,Workday (embedded/blocked API),medical writer,Sup Medical Technologist- LBJ,https://jobs.harrishealth.org/sup-medical-technologist-lbj/job/E27FD75040B4C60902089144A4AB5F9B,card[results-list__item-title--link]; url[/job/]; title_pattern,2026-06-21T22:47:39.423484+00:00
Harris Health System,https://jobs.harrishealth.org/,Workday (embedded/blocked API),medical writer,Medical Assistant Aldine Health Center,https://jobs.harrishealth.org/medical-assistant-aldine-health-center/job/F5E0D6CA01B15AA62D334146F6D257F4,card[results-list__item-title--link]; url[/job/]; title_pattern,2026-06-21T22:47:39.423484+00:00
Harris Health System,https://jobs.harrishealth.org/,Workday (embedded/blocked API),public health,Director EMS Program Operations,https://jobs.harrishealth.org/director-ems-program-operations/job/58DA2BE979B7029058CC4246102D9390,card[results-list__item-title--link]; url[/job/]; title_pattern,2026-06-21T22:47:42.549519+00:00
Harris Health System,https://jobs.harrishealth.org/,Workday (embedded/blocked API),public health,"Director, Behavioral Health",https://jobs.harrishealth.org/director-behavioral-health/job/3F3BBAB18E31E9D549BC73BEFF9514A4,card[results-list__item-title--link]; url[/job/]; title_pattern,2026-06-21T22:47:42.549519+00:00
Harris Health System,https://jobs.harrishealth.org/,Workday (embedded/blocked API),public health,PRN-Physician - Correctional Health,https://jobs.harrishealth.org/prn-physician-correctional-health/job/62ACBD6038FDBC915AA14F3587BEDBEF,card[results-list__item-title--link]; url[/job/]; title_pattern,2026-06-21T22:47:42.549519+00:00
Harris Health System,https://jobs.harrishealth.org/,Workday (embedded/blocked API),biostatistics,Informatics Pharmacist-CORHLT,https://jobs.harrishealth.org/informatics-pharmacist-corhlt/job/C94C21146AF3FB952D7F545C004D8D07,card[results-list__item-title--link]; url[/job/]; title_pattern,2026-06-21T22:47:45.656024+00:00
Harris Health System,https://jobs.harrishealth.org/,Workday (embedded/blocked API),biostatistics,Virtual Patient Observation Technician- LBJ Hospital- Nights (9pm- 530am rotating weekends),https://jobs.harrishealth.org/virtual-patient-observation-technician-lbj-hospital-nights-9pm-530am-rotating-weekends/job/A16D29826C3EAA31C773FA7EAB7BB25A,card[results-list__item-title--link]; url[/job/]; title_pattern,2026-06-21T22:47:45.656024+00:00
Harris Health System,https://jobs.harrishealth.org/,Workday (embedded/blocked API),outcomes research,Nurse Patient Educator I,https://jobs.harrishealth.org/nurse-patient-educator-i/job/A8684A71ACD4B12AF1C31A582556AAF7,card[results-list__item-title--link]; url[/job/]; title_pattern,2026-06-21T22:47:48.774309+00:00
Harris Health System,https://jobs.harrishealth.org/,Workday (embedded/blocked API),outcomes research,Director of Nursing-(Emergency Service Admin)-LBJ,https://jobs.harrishealth.org/director-of-nursing-emergency-service-admin-lbj/job/E88B61D38946A37D2E0B81983BEE481C,card[results-list__item-title--link]; url[/job/]; title_pattern,2026-06-21T22:47:48.774309+00:00
Harris Health System,https://jobs.harrishealth.org/,Workday (embedded/blocked API),outcomes research,"Process Engineer III, Operational Excellence",https://jobs.harrishealth.org/process-engineer-iii-operational-excellence/job/0B5785AC2370C170E66DA94918A75A1C,card[results-list__item-title--link]; url[/job/]; title_pattern,2026-06-21T22:47:48.774309+00:00
Harris Health System,https://jobs.harrishealth.org/,Workday (embedded/blocked API),outcomes research,Ambulatory Care Nurse Manager Ben Taub Hospital Outpatient Center,https://jobs.harrishealth.org/ambulatory-care-nurse-manager-ben-taub-hospital-outpatient-center/job/1761FB54A07574DBFEB8DC34119104F2,card[results-list__item-title--link]; url[/job/]; title_pattern,2026-06-21T22:47:48.774309+00:00
Harris Health System,https://jobs.harrishealth.org/,Workday (embedded/blocked API),outcomes research,Nurse Manager (Mother Baby unit)- LBJ hospital FT,https://jobs.harrishealth.org/nurse-manager-mother-baby-unit-lbj-hospital-ft/job/4EE985B4C6DFF9C2D92CEC572B5284AD,card[results-list__item-title--link]; url[/job/]; title_pattern,2026-06-21T22:47:48.774309+00:00
Health Effects Institute,https://www.healtheffects.org/careers,Workday,research,Summer Fellowship,https://www.healtheffects.org/search/site/research#mm-16,card[mm-menu mm-menu--offcanvas mm-menu--position-left]; title_pattern,2026-06-21T22:47:56.842806+00:00
Health Effects Institute,https://www.healtheffects.org/careers,Workday,research,Current Investigators,https://www.healtheffects.org/search/site/research#mm-12,card[mm-menu mm-menu--offcanvas mm-menu--position-left]; title_pattern,2026-06-21T22:47:56.842806+00:00
Health Effects Institute,https://www.healtheffects.org/careers,Workday,data,Summer Fellowship,https://www.healtheffects.org/search/site/data#mm-16,card[mm-menu mm-menu--offcanvas mm-menu--position-left]; title_pattern,2026-06-21T22:48:54.882680+00:00
Health Effects Institute,https://www.healtheffects.org/careers,Workday,data,Current Investigators,https://www.healtheffects.org/search/site/data#mm-12,card[mm-menu mm-menu--offcanvas mm-menu--position-left]; title_pattern,2026-06-21T22:48:54.882680+00:00
Health Effects Institute,https://www.healtheffects.org/careers,Workday,epidemiology,Apply to be a mentor in HEI's 2026 Summer Fellowship Program,https://www.healtheffects.org/announcements/apply-be-mentor-heis-2026-summer-fellowship-program,card[node node-article node-promoted node-sticky  view-]; title_pattern,2026-06-21T22:48:58.289415+00:00
Health Effects Institute,https://www.healtheffects.org/careers,Workday,epidemiology,Summer Fellowship,https://www.healtheffects.org/search/site/epidemiology#mm-16,card[mm-menu mm-menu--offcanvas mm-menu--position-left]; title_pattern,2026-06-21T22:48:58.289415+00:00
Health Effects Institute,https://www.healtheffects.org/careers,Workday,epidemiology,Current Investigators,https://www.healtheffects.org/search/site/epidemiology#mm-12,card[mm-menu mm-menu--offcanvas mm-menu--position-left]; title_pattern,2026-06-21T22:48:58.289415+00:00
Health Effects Institute,https://www.healtheffects.org/careers,Workday,HEOR,Summer Fellowship,https://www.healtheffects.org/search/site/HEOR#mm-16,card[mm-menu mm-menu--offcanvas mm-menu--position-left]; title_pattern,2026-06-21T22:49:02.180686+00:00
Health Effects Institute,https://www.healtheffects.org/careers,Workday,HEOR,Current Investigators,https://www.healtheffects.org/search/site/HEOR#mm-12,card[mm-menu mm-menu--offcanvas mm-menu--position-left]; title_pattern,2026-06-21T22:49:02.180686+00:00
Health Effects Institute,https://www.healtheffects.org/careers,Workday,medical writer,RFA 25-2: Walter A. Rosenblith New Investigator Award,https://www.healtheffects.org/rfa/rfa-25-2-walter-rosenblith-new-investigator-award,card[node node-rfa  view-mode-search_result teaser]; title_pattern,2026-06-21T22:49:06.289779+00:00
Health Effects Institute,https://www.healtheffects.org/careers,Workday,medical writer,HEI seeks consulting scientist for Global Health program,https://www.healtheffects.org/announcements/hei-seeks-consulting-scientist-global-health-program,card[node node-article node-promoted node-sticky  view-]; title_pattern,2026-06-21T22:49:06.289779+00:00
Health Effects Institute,https://www.healtheffects.org/careers,Workday,medical writer,Summer Fellowship,https://www.healtheffects.org/search/site/medical%20writer#mm-16,card[mm-menu mm-menu--offcanvas mm-menu--position-left]; title_pattern,2026-06-21T22:49:06.289779+00:00
Health Effects Institute,https://www.healtheffects.org/careers,Workday,medical writer,Current Investigators,https://www.healtheffects.org/search/site/medical%20writer#mm-12,card[mm-menu mm-menu--offcanvas mm-menu--position-left]; title_pattern,2026-06-21T22:49:06.289779+00:00
Health Effects Institute,https://www.healtheffects.org/careers,Workday,public health,Summer Fellowship,https://www.healtheffects.org/search/site/public%20health#mm-16,card[mm-menu mm-menu--offcanvas mm-menu--position-left]; title_pattern,2026-06-21T22:49:10.411839+00:00
Health Effects Institute,https://www.healtheffects.org/careers,Workday,public health,Current Investigators,https://www.healtheffects.org/search/site/public%20health#mm-12,card[mm-menu mm-menu--offcanvas mm-menu--position-left]; title_pattern,2026-06-21T22:49:10.411839+00:00
Health Effects Institute,https://www.healtheffects.org/careers,Workday,biostatistics,Research Committee welcomes new epidemiologist,https://www.healtheffects.org/announcements/research-committee-welcomes-new-epidemiologist,card[node node-article node-promoted  view-mode-search_]; title_pattern,2026-06-21T22:49:14.456193+00:00
Health Effects Institute,https://www.healtheffects.org/careers,Workday,biostatistics,HEI welcomes new staff scientists,https://www.healtheffects.org/announcements/hei-welcomes-new-staff-scientists,card[node node-article node-promoted  view-mode-search_]; title_pattern,2026-06-21T22:49:14.456193+00:00
Health Effects Institute,https://www.healtheffects.org/careers,Workday,biostatistics,Summer Fellowship,https://www.healtheffects.org/search/site/biostatistics#mm-16,card[mm-menu mm-menu--offcanvas mm-menu--position-left]; title_pattern,2026-06-21T22:49:14.456193+00:00
Health Effects Institute,https://www.healtheffects.org/careers,Workday,biostatistics,Current Investigators,https://www.healtheffects.org/search/site/biostatistics#mm-12,card[mm-menu mm-menu--offcanvas mm-menu--position-left]; title_pattern,2026-06-21T22:49:14.456193+00:00
Health Effects Institute,https://www.healtheffects.org/careers,Workday,outcomes research,Summer Fellowship,https://www.healtheffects.org/search/site/outcomes%20research#mm-16,card[mm-menu mm-menu--offcanvas mm-menu--position-left]; title_pattern,2026-06-21T22:49:18.491892+00:00
Health Effects Institute,https://www.healtheffects.org/careers,Workday,outcomes research,Current Investigators,https://www.healtheffects.org/search/site/outcomes%20research#mm-12,card[mm-menu mm-menu--offcanvas mm-menu--position-left]; title_pattern,2026-06-21T22:49:18.491892+00:00
Helix OpCo LLC,https://www.helix.com/careers,Workday,(no search box),Clinical Sales Specialist II United States - Remote • Remote,https://jobs.gem.com/helix/am9icG9zdDom4mfe8n5Wo8n_kDdkOwJY,card[jobPostingLink-70]; title_pattern,2026-06-21T22:50:07.865463+00:00
Helix OpCo LLC,https://www.helix.com/careers,Workday,(no search box),Clinical Sales Specialist II United States - Remote • Remote,https://jobs.gem.com/helix/am9icG9zdDpjIgx8_DoLKg0JmaSosyAM,card[jobPostingLink-70]; title_pattern,2026-06-21T22:50:07.865463+00:00
Helix OpCo LLC,https://www.helix.com/careers,Workday,(no search box),Senior Cloud Infrastructure Engineer Mexico - Remote • Remote,https://jobs.gem.com/helix/am9icG9zdDovTUAO9POPeR5OI3DV-gcQ,card[jobPostingLink-70]; title_pattern,2026-06-21T22:50:07.865463+00:00
Helix OpCo LLC,https://www.helix.com/careers,Workday,(no search box),Senior Cloud Infrastructure Engineer United States - Remote • Remote,https://jobs.gem.com/helix/am9icG9zdDq9jp8Ov2pox3BmSfgZIj4s,card[jobPostingLink-70]; title_pattern,2026-06-21T22:50:07.865463+00:00
Helix OpCo LLC,https://www.helix.com/careers,Workday,(no search box),"Senior Software Engineer Mexico City, Mexico, Mexico - Remote • Remote",https://jobs.gem.com/helix/am9icG9zdDp6hmwYoKP3poKXi3bJ2hHu,card[jobPostingLink-70]; title_pattern,2026-06-21T22:50:07.865463+00:00
Helix OpCo LLC,https://www.helix.com/careers,Workday,(no search box),"Clinical Laboratory Technician I San Diego, CA • In office",https://jobs.gem.com/helix/am9icG9zdDrlabN5O7S4rrK7T9A7UAHS,card[jobPostingLink-70]; title_pattern,2026-06-21T22:50:07.865463+00:00
Helix OpCo LLC,https://www.helix.com/careers,Workday,(no search box),"Manager, Health System Partnerships United States - Remote • Remote",https://jobs.gem.com/helix/am9icG9zdDpcd8m81Oj79ZrBO7uLfMLC,card[jobPostingLink-70]; title_pattern,2026-06-21T22:50:07.865463+00:00
Henry Ford Health,https://www.henryford.com/careers,Workday,research,The Research Associates Program,https://www.henryford.com/hcp/med-ed/residencies-fellowships/hfh/em/research/research-associates-program,card[search-result-list]; title_pattern,2026-06-21T22:50:17.162325+00:00
Henry Ford Health,https://www.henryford.com/careers,Workday,research,Research | Cardiothoracic Surgery Fellowship,https://www.henryford.com/hcp/med-ed/residencies-fellowships/hfh/cardiothoracic-surgery/research,card[search-result-list]; title_pattern,2026-06-21T22:50:17.162325+00:00
Henry Ford Health,https://www.henryford.com/careers,Workday,research,Research Fellowship,https://www.henryford.com/hcp/med-ed/residencies-fellowships/hfh/ent/research/research-fellowship,card[search-result-list]; title_pattern,2026-06-21T22:50:17.162325+00:00
Henry Ford Health,https://www.henryford.com/careers,Workday,epidemiology,Biostatistic Data Collection | Cancer Research,https://www.henryford.com/hcp/research/basic-science/cancer/research-cores/biostatistic-data,card[search-result-list]; title_pattern,2026-06-21T22:50:23.466672+00:00
Henry Ford Health,https://www.henryford.com/careers,Workday,public health,Meet the Faculty | Therapeutic Medical Physics Residency,https://www.henryford.com/hcp/med-ed/residencies-fellowships/hfh/med-physics/faculty,card[search-result-list]; title_pattern,2026-06-21T22:50:32.870136+00:00
Henry Ford Health,https://www.henryford.com/careers,Workday,outcomes research,Division of Biostatistics,https://www.henryford.com/hcp/research/public-population-research/public-health-sciences/centers/division-of-biostatistics,card[search-result-list]; title_pattern,2026-06-21T22:50:39.145528+00:00
Henry Ford Health,https://www.henryford.com/careers,Workday,outcomes research,Public Health Sciences Faculty,https://www.henryford.com/hcp/research/public-population-research/public-health-sciences/faculty,card[search-result-list]; title_pattern,2026-06-21T22:50:39.145528+00:00
Hillman Cancer Center,https://careers.upmc.com/,Workday,data,"Supply Specialist, EVS",https://careers.upmc.com/job/23518069/supply-specialist-evs/,card[job-result0]; url[/job/]; title_pattern,2026-06-21T22:51:54.507423+00:00
Hillman Cancer Center,https://careers.upmc.com/,Workday,data,Medical Assistant - Munhall Family Medicine,https://careers.upmc.com/job/23306059/medical-assistant-munhall-family-medicine/,card[job-result2]; url[/job/]; title_pattern,2026-06-21T22:51:54.507423+00:00
Hillman Cancer Center,https://careers.upmc.com/,Workday,data,"Licensed Practical Nurse, OP - Partners In Health, Murrysville",https://careers.upmc.com/job/23518201/licensed-practical-nurse-op-partners-in-health-murrysville/,card[job-result3]; url[/job/]; title_pattern,2026-06-21T22:51:54.507423+00:00
Hillman Cancer Center,https://careers.upmc.com/,Workday,data,Radiation Therapist - ONC (Radiation Oncology),https://careers.upmc.com/job/23518246/radiation-therapist-onc-radiation-oncology-/,card[job-result5]; url[/job/]; title_pattern,2026-06-21T22:51:54.507423+00:00
Hillman Cancer Center,https://careers.upmc.com/,Workday,data,NICU Infant Feeding Preparation Technician - Harrisburg Hospital,https://careers.upmc.com/job/23518152/nicu-infant-feeding-preparation-technician-harrisburg-hospital/,card[job-result6]; url[/job/]; title_pattern,2026-06-21T22:51:54.507423+00:00
Hillman Cancer Center,https://careers.upmc.com/,Workday,data,Physician Assistant or Nurse Practitioner - Hillman Cancer Center Steubenville,https://careers.upmc.com/job/23518244/physician-assistant-or-nurse-practitioner-hillman-cancer-center-steubenville/,card[job-result7]; url[/job/]; title_pattern,2026-06-21T22:51:54.507423+00:00
Hillman Cancer Center,https://careers.upmc.com/,Workday,data,Professional Staff Nurse - Night Program Option - L&D - York Memorial,https://careers.upmc.com/job/23512290/professional-staff-nurse-night-program-option-l-d-york-memorial/,card[job-result8]; url[/job/]; title_pattern,2026-06-21T22:51:54.507423+00:00
Hillman Cancer Center,https://careers.upmc.com/,Workday,data,Office Assistant II - Digestive Disease Center,https://careers.upmc.com/job/23265756/office-assistant-ii-digestive-disease-center/,card[job-result9]; url[/job/]; title_pattern,2026-06-21T22:51:54.507423+00:00
HonorHealth,https://jobs.honorhealth.com/,Workday,research,Medical Assistant,https://honorhealth.wd12.myworkdayjobs.com/en-US/HonorHealth_careers/job/Research-Institute/Medical-Assistant_JR8991?q=research,card[css-19uc56f  jobTitle]; data-automation-id=jobTitle; url[/job/]; title_pattern,2026-06-21T22:52:23.228851+00:00
HonorHealth,https://jobs.honorhealth.com/,Workday,research,Nurse II - Clinical Research - Oncology,https://honorhealth.wd12.myworkdayjobs.com/en-US/HonorHealth_careers/job/Research-Institute---10510-N-92nd-St-Scottsdale-AZ-85258/Nurse-II---Clinical-Research---Oncology_JR8980?q=research,card[css-19uc56f  jobTitle]; data-automation-id=jobTitle; url[/job/]; title_pattern,2026-06-21T22:52:23.228851+00:00
HonorHealth,https://jobs.honorhealth.com/,Workday,research,Nurse II - Clinical Research - Bone Marrow Transplant,https://honorhealth.wd12.myworkdayjobs.com/en-US/HonorHealth_careers/job/Research-Institute---10510-N-92nd-St-Scottsdale-AZ-85258/Nurse-II---Clinical-Research---Bone-Marrow-Transplant_JR0000007688-1?q=research,card[css-19uc56f  jobTitle]; data-automation-id=jobTitle; url[/job/]; title_pattern,2026-06-21T22:52:23.228851+00:00
HonorHealth,https://jobs.honorhealth.com/,Workday,research,Clinical Research Nurse - Multispecialty,https://honorhealth.wd12.myworkdayjobs.com/en-US/HonorHealth_careers/job/Shea-Medical-Office-Building---10290-N-92nd-St-Scottsdale-AZ-85258/Clinical-Research-Nurse---Multispecialty_JR0000002751-1?q=research,card[css-19uc56f  jobTitle]; data-automation-id=jobTitle; url[/job/]; title_pattern,2026-06-21T22:52:23.228851+00:00
HonorHealth,https://jobs.honorhealth.com/,Workday,research,Coordinator II - Clinical Research - Cardiovascular,https://honorhealth.wd12.myworkdayjobs.com/en-US/HonorHealth_careers/job/Shea-Medical-Center---9003-E-Shea-Blvd-Scottsdale-AZ-85260/Coordinator-II---Clinical-Research_JR0000004098-1?q=research,card[css-19uc56f  jobTitle]; data-automation-id=jobTitle; url[/job/]; title_pattern,2026-06-21T22:52:23.228851+00:00
HonorHealth,https://jobs.honorhealth.com/,Workday,research,Translational Research Staff Scientist I,https://honorhealth.wd12.myworkdayjobs.com/en-US/HonorHealth_careers/job/Medical-Office-Building---850-N-5th-St-Phoenix-AZ-85004/Translational-Research-Staff-Scientist-I_JR8733?q=research,card[css-19uc56f  jobTitle]; data-automation-id=jobTitle; url[/job/]; title_pattern,2026-06-21T22:52:23.228851+00:00
HonorHealth,https://jobs.honorhealth.com/,Workday,research,Coordinator II - Clinical Research - Neuro,https://honorhealth.wd12.myworkdayjobs.com/en-US/HonorHealth_careers/job/Bob-Bove-Neuroscience-Institue--7242-E-Osborn-Rd-Scottsdale-AZ-85251/Coordinator-II---Clinical-Research_JR9451?q=research,card[css-19uc56f  jobTitle]; data-automation-id=jobTitle; url[/job/]; title_pattern,2026-06-21T22:52:23.228851+00:00
HonorHealth,https://jobs.honorhealth.com/,Workday,research,Coordinator II - Clinical Research Oncology,https://honorhealth.wd12.myworkdayjobs.com/en-US/HonorHealth_careers/job/Shea-Medical-Office-Building---10150-North-92nd-Street-Scottsdale-AZ-85258/Coordinator-II---Clinical-Research-Oncology_JR9614-1?q=research,card[css-19uc56f  jobTitle]; data-automation-id=jobTitle; url[/job/]; title_pattern,2026-06-21T22:52:23.228851+00:00
HonorHealth,https://jobs.honorhealth.com/,Workday,research,Coordinator II - Clinical Research Bariatric GI,https://honorhealth.wd12.myworkdayjobs.com/en-US/HonorHealth_careers/job/Shea-Medical-Office-Building---10150-North-92nd-Street-Scottsdale-AZ-85258/Coordinator-II---Clinical-Research-Bariatric-GI_JR9539?q=research,card[css-19uc56f  jobTitle]; data-automation-id=jobTitle; url[/job/]; title_pattern,2026-06-21T22:52:23.228851+00:00
HonorHealth,https://jobs.honorhealth.com/,Workday,research,Analyst I - Clinical Trials Contract,https://honorhealth.wd12.myworkdayjobs.com/en-US/HonorHealth_careers/job/Shea-Medical-Office-Building---10290-N-92nd-St-Scottsdale-AZ-85258/Analyst-I---Clinical-Trials-Contract_JR8874-1?q=research,card[css-19uc56f  jobTitle]; data-automation-id=jobTitle; url[/job/]; title_pattern,2026-06-21T22:52:23.228851+00:00
HonorHealth,https://jobs.honorhealth.com/,Workday,research,Analyst III - Clinical Trials Budget,https://honorhealth.wd12.myworkdayjobs.com/en-US/HonorHealth_careers/job/Deer-Valley---2502-W-Utopia-Rd-Phoenix-AZ-85027/Analyst-III---Clinical-Trials-Budget_JR8734?q=research,card[css-19uc56f  jobTitle]; data-automation-id=jobTitle; url[/job/]; title_pattern,2026-06-21T22:52:23.228851+00:00
HonorHealth,https://jobs.honorhealth.com/,Workday,research,Analyst II - Clinical Trials Coverage,https://honorhealth.wd12.myworkdayjobs.com/en-US/HonorHealth_careers/job/Deer-Valley---2502-W-Utopia-Rd-Phoenix-AZ-85027/Analyst-II---Clinical-Trials-Coverage_JR9090?q=research,card[css-19uc56f  jobTitle]; data-automation-id=jobTitle; url[/job/]; title_pattern,2026-06-21T22:52:23.228851+00:00
HonorHealth,https://jobs.honorhealth.com/,Workday,research,Manager - Clinical Trials,https://honorhealth.wd12.myworkdayjobs.com/en-US/HonorHealth_careers/job/Shea-Medical-Office-Building---10290-N-92nd-St-Scottsdale-AZ-85258/Manager---Clinical-Trials_JR0000006883?q=research,card[css-19uc56f  jobTitle]; data-automation-id=jobTitle; url[/job/]; title_pattern,2026-06-21T22:52:23.228851+00:00
HonorHealth,https://jobs.honorhealth.com/,Workday,research,Clinical Trials Contract Analyst II,https://honorhealth.wd12.myworkdayjobs.com/en-US/HonorHealth_careers/job/Deer-Valley---2502-W-Utopia-Rd-Phoenix-AZ-85027/Clinical-Trials-Contract-Analyst-II_JR0000006461?q=research,card[css-19uc56f  jobTitle]; data-automation-id=jobTitle; url[/job/]; title_pattern,2026-06-21T22:52:23.228851+00:00
HonorHealth,https://jobs.honorhealth.com/,Workday,research,Lead - Genetic Counselor HonorHealth Cancer Care Deer Valley,https://honorhealth.wd12.myworkdayjobs.com/en-US/HonorHealth_careers/job/Deer-Valley-Medical-Office-Building---19646-N-27th-Ave-Phoenix-AZ-85027/Lead---Genetic-Counselor-HonorHealth-Cancer-Care-Deer-Valley_JR8498?q=research,card[css-19uc56f  jobTitle]; data-automation-id=jobTitle; url[/job/]; title_pattern,2026-06-21T22:52:23.228851+00:00
HonorHealth,https://jobs.honorhealth.com/,Workday,research,Physician - Trauma Services Surgery,https://honorhealth.wd12.myworkdayjobs.com/en-US/HonorHealth_careers/job/Medical-Office-Building---10238-E-Hampton-Ave-Mesa-AZ-85209/Physician---Trauma-Services-Surgery_JR9078?q=research,card[css-19uc56f  jobTitle]; data-automation-id=jobTitle; url[/job/]; title_pattern,2026-06-21T22:52:23.228851+00:00
HonorHealth,https://jobs.honorhealth.com/,Workday,data,Administrator III - Epic Database,https://honorhealth.wd12.myworkdayjobs.com/en-US/HonorHealth_careers/job/Virtual---Arizona/Administrator-III---Database_JR0000007805?q=data,card[css-19uc56f  jobTitle]; data-automation-id=jobTitle; url[/job/]; title_pattern,2026-06-21T22:52:26.320063+00:00
HonorHealth,https://jobs.honorhealth.com/,Workday,data,CTMS Administrator,https://honorhealth.wd12.myworkdayjobs.com/en-US/HonorHealth_careers/job/Deer-Valley---2500-W-Utopia-Rd-Phoenix-AZ-85027/Administrator-II---Database_JR0000008121?q=data,card[css-19uc56f  jobTitle]; data-automation-id=jobTitle; url[/job/]; title_pattern,2026-06-21T22:52:26.320063+00:00
HonorHealth,https://jobs.honorhealth.com/,Workday,data,Informatics Analyst II (ICP) - Medical Economics,https://honorhealth.wd12.myworkdayjobs.com/en-US/HonorHealth_careers/job/Innovation-Care-Partners---8901-E-Mountain-View-Rd-Scottsdale-AZ-85258/Informatics-Analyst-II--ICP-_JR9517?q=data,card[css-19uc56f  jobTitle]; data-automation-id=jobTitle; url[/job/]; title_pattern,2026-06-21T22:52:26.320063+00:00
HonorHealth,https://jobs.honorhealth.com/,Workday,data,Technician - Supply Chain,https://honorhealth.wd12.myworkdayjobs.com/en-US/HonorHealth_careers/job/Shea-Medical-Center---9003-E-Shea-Blvd-Scottsdale-AZ-85260/Technician---Supply-Chain_JR8945?q=data,card[css-19uc56f  jobTitle]; data-automation-id=jobTitle; url[/job/]; title_pattern,2026-06-21T22:52:26.320063+00:00
HonorHealth,https://jobs.honorhealth.com/,Workday,data,Assistant - Clinical Lab,https://honorhealth.wd12.myworkdayjobs.com/en-US/HonorHealth_careers/job/Four-Peaks-Medical-Center---1301-S-Crismon-Rd-Mesa-AZ-85209/Assistant---Clinical-Lab_JR9235?q=data,card[css-19uc56f  jobTitle]; data-automation-id=jobTitle; url[/job/]; title_pattern,2026-06-21T22:52:26.320063+00:00
HonorHealth,https://jobs.honorhealth.com/,Workday,data,Traveler Interventional Radiologic Technologist,https://honorhealth.wd12.myworkdayjobs.com/en-US/HonorHealth_careers/job/John-C-Lincoln---50-E-Dunlap-Ave-Phoenix-AZ-85020/Traveler-Interventional-Radiologic-Technologist_JR8775-1?q=data,card[css-19uc56f  jobTitle]; data-automation-id=jobTitle; url[/job/]; title_pattern,2026-06-21T22:52:26.320063+00:00
HonorHealth,https://jobs.honorhealth.com/,Workday,HEOR,Patient Care Technician Medical Surgical,https://honorhealth.wd12.myworkdayjobs.com/en-US/HonorHealth_careers/job/Four-Peaks-Medical-Center---1301-S-Crismon-Rd-Mesa-AZ-85209/Technician---Patient-Care_JR0000008109?q=HEOR,card[css-19uc56f  jobTitle]; data-automation-id=jobTitle; url[/job/]; title_pattern,2026-06-21T22:52:32.517926+00:00
HonorHealth,https://jobs.honorhealth.com/,Workday,HEOR,Associate Director - Internal Medicine Residency,https://honorhealth.wd12.myworkdayjobs.com/en-US/HonorHealth_careers/job/Medical-Office-Building---26224-N-Tatum-Blvd-Phoenix-AZ-85050/Associate-Director---Internal-Medicine-Residency_JR0000006024-1?q=HEOR,card[css-19uc56f  jobTitle]; data-automation-id=jobTitle; url[/job/]; title_pattern,2026-06-21T22:52:32.517926+00:00
HonorHealth,https://jobs.honorhealth.com/,Workday,HEOR,Periop Coordinator RN - JCL,https://honorhealth.wd12.myworkdayjobs.com/en-US/HonorHealth_careers/job/John-C-Lincoln---250-E-Dunlap-Ave-Phoenix-AZ-85020/Periop-Coordinator-RN---JCL_JR9453?q=HEOR,card[css-19uc56f  jobTitle]; data-automation-id=jobTitle; url[/job/]; title_pattern,2026-06-21T22:52:32.517926+00:00
HonorHealth,https://jobs.honorhealth.com/,Workday,HEOR,Patient Care Technician Telemetry,https://honorhealth.wd12.myworkdayjobs.com/en-US/HonorHealth_careers/job/Deer-Valley---19829-N-27th-Ave-Phoenix-AZ-85027/Patient-Care-Technician-Telemetry_JR8368?q=HEOR,card[css-19uc56f  jobTitle]; data-automation-id=jobTitle; url[/job/]; title_pattern,2026-06-21T22:52:32.517926+00:00
HonorHealth,https://jobs.honorhealth.com/,Workday,HEOR,Patient Care Technician Behavioral Health PRN,https://honorhealth.wd12.myworkdayjobs.com/en-US/HonorHealth_careers/job/Four-Peaks-Medical-Center/Patient-Care-Technician-Behavioral-Health_JR0000006946?q=HEOR,card[css-19uc56f  jobTitle]; data-automation-id=jobTitle; url[/job/]; title_pattern,2026-06-21T22:52:32.517926+00:00
HonorHealth,https://jobs.honorhealth.com/,Workday,HEOR,Patient Care Technician MedSurg,https://honorhealth.wd12.myworkdayjobs.com/en-US/HonorHealth_careers/job/Thompson-Peak-Medical-Center---7400-E-Thompson-Peak-Pkwy-Scottsdale-AZ-85255/Patient-Care-Technician-MedSurg_JR8740-1?q=HEOR,card[css-19uc56f  jobTitle]; data-automation-id=jobTitle; url[/job/]; title_pattern,2026-06-21T22:52:32.517926+00:00
HonorHealth,https://jobs.honorhealth.com/,Workday,HEOR,Coordinator - RN Operating Room,https://honorhealth.wd12.myworkdayjobs.com/en-US/HonorHealth_careers/job/John-C-Lincoln---250-E-Dunlap-Ave-Phoenix-AZ-85020/Coordinator---RN-Operating-Room_JR0000008145-1?q=HEOR,card[css-19uc56f  jobTitle]; data-automation-id=jobTitle; url[/job/]; title_pattern,2026-06-21T22:52:32.517926+00:00
HonorHealth,https://jobs.honorhealth.com/,Workday,HEOR,Patient Care Technician Neurology,https://honorhealth.wd12.myworkdayjobs.com/en-US/HonorHealth_careers/job/John-C-Lincoln---250-E-Dunlap-Ave-Phoenix-AZ-85020/Patient-Care-Technician-Neurology_JR9320?q=HEOR,card[css-19uc56f  jobTitle]; data-automation-id=jobTitle; url[/job/]; title_pattern,2026-06-21T22:52:32.517926+00:00
HonorHealth,https://jobs.honorhealth.com/,Workday,HEOR,Technician - Cardiographic,https://honorhealth.wd12.myworkdayjobs.com/en-US/HonorHealth_careers/job/John-C-Lincoln---250-E-Dunlap-Ave-Phoenix-AZ-85020/Technician---Cardiographic_JR0000004386?q=HEOR,card[css-19uc56f  jobTitle]; data-automation-id=jobTitle; url[/job/]; title_pattern,2026-06-21T22:52:32.517926+00:00
HonorHealth,https://jobs.honorhealth.com/,Workday,HEOR,Cardiac Device Specialist Cardiac Arrhythmia,https://honorhealth.wd12.myworkdayjobs.com/en-US/HonorHealth_careers/job/Osborn-Medical-Office-Building---3225-N-Civic-Center-Plz-Scottsdale-AZ-85251/Cardiac-Device-Specialist-Cardiac-Arrhythmia_JR0000004382-1?q=HEOR,card[css-19uc56f  jobTitle]; data-automation-id=jobTitle; url[/job/]; title_pattern,2026-06-21T22:52:32.517926+00:00
HonorHealth,https://jobs.honorhealth.com/,Workday,HEOR,Nurse Practitioner Thoracic Surgery,https://honorhealth.wd12.myworkdayjobs.com/en-US/HonorHealth_careers/job/Shea-Medical-Office-Building---10210-N-92nd-St-Scottsdale-AZ-85258/Nurse-Practitioner-Thoracic-Surgery_JR8839?q=HEOR,card[css-19uc56f  jobTitle]; data-automation-id=jobTitle; url[/job/]; title_pattern,2026-06-21T22:52:32.517926+00:00
HonorHealth,https://jobs.honorhealth.com/,Workday,HEOR,Nurse Practitioner,https://honorhealth.wd12.myworkdayjobs.com/en-US/HonorHealth_careers/job/Medical-Office-Building---20745-N-Scottsdale-Rd-Scottsdale-AZ-85255/Nurse-Practitioner_JR9026?q=HEOR,card[css-19uc56f  jobTitle]; data-automation-id=jobTitle; url[/job/]; title_pattern,2026-06-21T22:52:32.517926+00:00
HonorHealth,https://jobs.honorhealth.com/,Workday,HEOR,Nurse Practitioner Neuro Dementia,https://honorhealth.wd12.myworkdayjobs.com/en-US/HonorHealth_careers/job/Bob-Bove-Neuroscience-Institue--7242-E-Osborn-Rd-Scottsdale-AZ-85251/Nurse-Practitioner-Neuro-Dementia_JR9586?q=HEOR,card[css-19uc56f  jobTitle]; data-automation-id=jobTitle; url[/job/]; title_pattern,2026-06-21T22:52:32.517926+00:00
HonorHealth,https://jobs.honorhealth.com/,Workday,HEOR,Nurse Practitioner,https://honorhealth.wd12.myworkdayjobs.com/en-US/HonorHealth_careers/job/John-C-Lincoln-Medical-Office-Building---9250-N-3rd-St-Phoenix-AZ-85020/Nurse-Practitioner_JR0000006947-1?q=HEOR,card[css-19uc56f  jobTitle]; data-automation-id=jobTitle; url[/job/]; title_pattern,2026-06-21T22:52:32.517926+00:00
HonorHealth,https://jobs.honorhealth.com/,Workday,HEOR,Nurse Practitioner (NE),https://honorhealth.wd12.myworkdayjobs.com/en-US/HonorHealth_careers/job/Four-Peaks-Medical-Center---1301-S-Crismon-Rd-Mesa-AZ-85209/Nurse-Practitioner--NE-_JR0000007691-1?q=HEOR,card[css-19uc56f  jobTitle]; data-automation-id=jobTitle; url[/job/]; title_pattern,2026-06-21T22:52:32.517926+00:00
HonorHealth,https://jobs.honorhealth.com/,Workday,HEOR,Nurse Practitioner,https://honorhealth.wd12.myworkdayjobs.com/en-US/HonorHealth_careers/job/Osborn-Medical-Office-Building---3099-N-Civic-Center-Plz-Scottsdale-AZ-85251/Nurse-Practitioner_JR0000007852-1?q=HEOR,card[css-19uc56f  jobTitle]; data-automation-id=jobTitle; url[/job/]; title_pattern,2026-06-21T22:52:32.517926+00:00
HonorHealth,https://jobs.honorhealth.com/,Workday,HEOR,Nurse Practitioner,https://honorhealth.wd12.myworkdayjobs.com/en-US/HonorHealth_careers/job/Shea-Medical-Office-Building---9201-E-Mountain-View-Rd-Scottsdale-AZ-85258/Nurse-Practitioner_JR0000007849-1?q=HEOR,card[css-19uc56f  jobTitle]; data-automation-id=jobTitle; url[/job/]; title_pattern,2026-06-21T22:52:32.517926+00:00
HonorHealth,https://jobs.honorhealth.com/,Workday,medical writer,Coordinator - Medical Staff,https://honorhealth.wd12.myworkdayjobs.com/en-US/HonorHealth_careers/job/HonorHealth/Coordinator---Medical-Staff_JR9350?q=medical%20writer,card[css-19uc56f  jobTitle]; data-automation-id=jobTitle; url[/job/]; title_pattern,2026-06-21T22:52:35.625205+00:00
HonorHealth,https://jobs.honorhealth.com/,Workday,medical writer,Translational Research Staff Scientist I,https://honorhealth.wd12.myworkdayjobs.com/en-US/HonorHealth_careers/job/Medical-Office-Building---850-N-5th-St-Phoenix-AZ-85004/Translational-Research-Staff-Scientist-I_JR8733?q=medical%20writer,card[css-19uc56f  jobTitle]; data-automation-id=jobTitle; url[/job/]; title_pattern,2026-06-21T22:52:35.625205+00:00
HonorHealth,https://jobs.honorhealth.com/,Workday,medical writer,Physician Assistant - Trauma (NE),https://honorhealth.wd12.myworkdayjobs.com/en-US/HonorHealth_careers/job/Osborn-Medical-Center---7400-E-Osborn-Rd-Scottsdale-AZ-85251/Physician-Assistant---Trauma--NE-_JR8486?q=medical%20writer,card[css-19uc56f  jobTitle]; data-automation-id=jobTitle; url[/job/]; title_pattern,2026-06-21T22:52:35.625205+00:00
HonorHealth,https://jobs.honorhealth.com/,Workday,medical writer,Physician Assistant - Trauma,https://honorhealth.wd12.myworkdayjobs.com/en-US/HonorHealth_careers/job/Osborn-Medical-Center---7400-E-Osborn-Rd-Scottsdale-AZ-85251/Physician-Assistant---Trauma_JR0000006249-1?q=medical%20writer,card[css-19uc56f  jobTitle]; data-automation-id=jobTitle; url[/job/]; title_pattern,2026-06-21T22:52:35.625205+00:00
HonorHealth,https://jobs.honorhealth.com/,Workday,medical writer,Physician Assistant - Trauma,https://honorhealth.wd12.myworkdayjobs.com/en-US/HonorHealth_careers/job/Osborn-Medical-Center---7400-E-Osborn-Rd-Scottsdale-AZ-85251/Physician-Assistant---Trauma_JR0000006246?q=medical%20writer,card[css-19uc56f  jobTitle]; data-automation-id=jobTitle; url[/job/]; title_pattern,2026-06-21T22:52:35.625205+00:00
HonorHealth,https://jobs.honorhealth.com/,Workday,medical writer,Coordinator II - Clinical Research Oncology,https://honorhealth.wd12.myworkdayjobs.com/en-US/HonorHealth_careers/job/Shea-Medical-Office-Building---10150-North-92nd-Street-Scottsdale-AZ-85258/Coordinator-II---Clinical-Research-Oncology_JR9614-1?q=medical%20writer,card[css-19uc56f  jobTitle]; data-automation-id=jobTitle; url[/job/]; title_pattern,2026-06-21T22:52:35.625205+00:00
HonorHealth,https://jobs.honorhealth.com/,Workday,medical writer,Coordinator II - Clinical Research Bariatric GI,https://honorhealth.wd12.myworkdayjobs.com/en-US/HonorHealth_careers/job/Shea-Medical-Office-Building---10150-North-92nd-Street-Scottsdale-AZ-85258/Coordinator-II---Clinical-Research-Bariatric-GI_JR9539?q=medical%20writer,card[css-19uc56f  jobTitle]; data-automation-id=jobTitle; url[/job/]; title_pattern,2026-06-21T22:52:35.625205+00:00
HonorHealth,https://jobs.honorhealth.com/,Workday,medical writer,Coordinator II - Clinical Research - Cardiovascular,https://honorhealth.wd12.myworkdayjobs.com/en-US/HonorHealth_careers/job/Shea-Medical-Center---9003-E-Shea-Blvd-Scottsdale-AZ-85260/Coordinator-II---Clinical-Research_JR0000004098-1?q=medical%20writer,card[css-19uc56f  jobTitle]; data-automation-id=jobTitle; url[/job/]; title_pattern,2026-06-21T22:52:35.625205+00:00
HonorHealth,https://jobs.honorhealth.com/,Workday,medical writer,Physical Therapy Assistant - Frank Lloyd Wright,https://honorhealth.wd12.myworkdayjobs.com/en-US/HonorHealth_careers/job/Medical-Office-Building---15660-N-Frank-Lloyd-Wright-Blvd-Scottsdale-AZ-85260/Assistant-I---Physical-Therapy_JR8307?q=medical%20writer,card[css-19uc56f  jobTitle]; data-automation-id=jobTitle; url[/job/]; title_pattern,2026-06-21T22:52:35.625205+00:00
HonorHealth,https://jobs.honorhealth.com/,Workday,medical writer,Coordinator II - Clinical Research - Neuro,https://honorhealth.wd12.myworkdayjobs.com/en-US/HonorHealth_careers/job/Bob-Bove-Neuroscience-Institue--7242-E-Osborn-Rd-Scottsdale-AZ-85251/Coordinator-II---Clinical-Research_JR9451?q=medical%20writer,card[css-19uc56f  jobTitle]; data-automation-id=jobTitle; url[/job/]; title_pattern,2026-06-21T22:52:35.625205+00:00
HonorHealth,https://jobs.honorhealth.com/,Workday,medical writer,Lincoln Learning Assistant Teacher,https://honorhealth.wd12.myworkdayjobs.com/en-US/HonorHealth_careers/job/John-C-Lincoln---303-E-Eva-St-Phoenix-AZ-85020/Assistant---Teacher_JR0000007822-1?q=medical%20writer,card[css-19uc56f  jobTitle]; data-automation-id=jobTitle; url[/job/]; title_pattern,2026-06-21T22:52:35.625205+00:00
HonorHealth,https://jobs.honorhealth.com/,Workday,medical writer,Risk Manager,https://honorhealth.wd12.myworkdayjobs.com/en-US/HonorHealth_careers/job/Virtual---Arizona/Risk-Manager_JR8768?q=medical%20writer,card[css-19uc56f  jobTitle]; data-automation-id=jobTitle; url[/job/]; title_pattern,2026-06-21T22:52:35.625205+00:00
HonorHealth,https://jobs.honorhealth.com/,Workday,public health,Analyst II - Clinical Trials Coverage,https://honorhealth.wd12.myworkdayjobs.com/en-US/HonorHealth_careers/job/Deer-Valley---2502-W-Utopia-Rd-Phoenix-AZ-85027/Analyst-II---Clinical-Trials-Coverage_JR9090?q=public%20health,card[css-19uc56f  jobTitle]; data-automation-id=jobTitle; url[/job/]; title_pattern,2026-06-21T22:52:38.721728+00:00
HonorHealth,https://jobs.honorhealth.com/,Workday,public health,Clinical Trials Contract Analyst II,https://honorhealth.wd12.myworkdayjobs.com/en-US/HonorHealth_careers/job/Deer-Valley---2502-W-Utopia-Rd-Phoenix-AZ-85027/Clinical-Trials-Contract-Analyst-II_JR0000006461?q=public%20health,card[css-19uc56f  jobTitle]; data-automation-id=jobTitle; url[/job/]; title_pattern,2026-06-21T22:52:38.721728+00:00
HonorHealth,https://jobs.honorhealth.com/,Workday,public health,Administrative Rep/House Supervisor RN PRN,https://honorhealth.wd12.myworkdayjobs.com/en-US/HonorHealth_careers/job/Thompson-Peak-Medical-Center---7400-E-Thompson-Peak-Pkwy-Scottsdale-AZ-85255/Administrative-Rep-House-Supervisor-RN_JR8992-1?q=public%20health,card[css-19uc56f  jobTitle]; data-automation-id=jobTitle; url[/job/]; title_pattern,2026-06-21T22:52:38.721728+00:00
HonorHealth,https://jobs.honorhealth.com/,Workday,public health,Security Officer- On Call,https://honorhealth.wd12.myworkdayjobs.com/en-US/HonorHealth_careers/job/Osborn-Medical-Center---7400-E-Osborn-Rd-Scottsdale-AZ-85251/Security-Officer--On-Call_JR9103?q=public%20health,card[css-19uc56f  jobTitle]; data-automation-id=jobTitle; url[/job/]; title_pattern,2026-06-21T22:52:38.721728+00:00
HonorHealth,https://jobs.honorhealth.com/,Workday,public health,Director Tax,https://honorhealth.wd12.myworkdayjobs.com/en-US/HonorHealth_careers/job/HonorHealth---8125-N-Hayden-Rd-Scottsdale-AZ-85258/Director-Tax_JR9427?q=public%20health,card[css-19uc56f  jobTitle]; data-automation-id=jobTitle; url[/job/]; title_pattern,2026-06-21T22:52:38.721728+00:00
HonorHealth,https://jobs.honorhealth.com/,Workday,public health,Housekeeping Supervisor,https://honorhealth.wd12.myworkdayjobs.com/en-US/HonorHealth_careers/job/Osborn-Medical-Center---7400-E-Osborn-Rd-Scottsdale-AZ-85251/Housekeeping-Supervisor_JR0000006737-1?q=public%20health,card[css-19uc56f  jobTitle]; data-automation-id=jobTitle; url[/job/]; title_pattern,2026-06-21T22:52:38.721728+00:00
HonorHealth,https://jobs.honorhealth.com/,Workday,public health,Senior Director - Patient Financial Services,https://honorhealth.wd12.myworkdayjobs.com/en-US/HonorHealth_careers/job/Virtual---Arizona/Senior-Director---Patient-Financial-Services_JR8811?q=public%20health,card[css-19uc56f  jobTitle]; data-automation-id=jobTitle; url[/job/]; title_pattern,2026-06-21T22:52:38.721728+00:00
HonorHealth,https://jobs.honorhealth.com/,Workday,public health,Armed Security Officer,https://honorhealth.wd12.myworkdayjobs.com/en-US/HonorHealth_careers/job/John-C-Lincoln---250-E-Dunlap-Ave-Phoenix-AZ-85020/Armed-Security-Officer_JR0000004914-1?q=public%20health,card[css-19uc56f  jobTitle]; data-automation-id=jobTitle; url[/job/]; title_pattern,2026-06-21T22:52:38.721728+00:00
HonorHealth,https://jobs.honorhealth.com/,Workday,public health,Security Officer On-Call,https://honorhealth.wd12.myworkdayjobs.com/en-US/HonorHealth_careers/job/Tempe-Medical-Center---1500-S-Mill-Ave-Tempe-AZ-85281/Security-Officer-On-Call_JR8442?q=public%20health,card[css-19uc56f  jobTitle]; data-automation-id=jobTitle; url[/job/]; title_pattern,2026-06-21T22:52:38.721728+00:00
HonorHealth,https://jobs.honorhealth.com/,Workday,public health,Armed Security Officer,https://honorhealth.wd12.myworkdayjobs.com/en-US/HonorHealth_careers/job/Shea-Medical-Center---9003-E-Shea-Blvd-Scottsdale-AZ-85260/Armed-Security-Officer_JR0000005680-1?q=public%20health,card[css-19uc56f  jobTitle]; data-automation-id=jobTitle; url[/job/]; title_pattern,2026-06-21T22:52:38.721728+00:00
HonorHealth,https://jobs.honorhealth.com/,Workday,public health,Security Officer- On Call,https://honorhealth.wd12.myworkdayjobs.com/en-US/HonorHealth_careers/job/John-C-Lincoln---250-E-Dunlap-Ave-Phoenix-AZ-85020/Security-Officer--On-Call_JR9109-1?q=public%20health,card[css-19uc56f  jobTitle]; data-automation-id=jobTitle; url[/job/]; title_pattern,2026-06-21T22:52:38.721728+00:00
HonorHealth,https://jobs.honorhealth.com/,Workday,public health,Clinical Pharmacy Specialist- Ambulatory Care,https://honorhealth.wd12.myworkdayjobs.com/en-US/HonorHealth_careers/job/Shea-Medical-Office-Building---10200-N-92nd-St-Scottsdale-AZ-85258/Clinical-Pharmacy-Specialist--Ambulatory-Care_JR8810?q=public%20health,card[css-19uc56f  jobTitle]; data-automation-id=jobTitle; url[/job/]; title_pattern,2026-06-21T22:52:38.721728+00:00
HonorHealth,https://jobs.honorhealth.com/,Workday,public health,Armed Security Officer,https://honorhealth.wd12.myworkdayjobs.com/en-US/HonorHealth_careers/job/Deer-Valley---19829-N-27th-Ave-Phoenix-AZ-85027/Security-Armed-Officer_JR0000008213?q=public%20health,card[css-19uc56f  jobTitle]; data-automation-id=jobTitle; url[/job/]; title_pattern,2026-06-21T22:52:38.721728+00:00
HonorHealth,https://jobs.honorhealth.com/,Workday,public health,Armed Security Officer,https://honorhealth.wd12.myworkdayjobs.com/en-US/HonorHealth_careers/job/John-C-Lincoln---250-E-Dunlap-Ave-Phoenix-AZ-85020/Armed-Security-Officer_JR8802?q=public%20health,card[css-19uc56f  jobTitle]; data-automation-id=jobTitle; url[/job/]; title_pattern,2026-06-21T22:52:38.721728+00:00
HonorHealth,https://jobs.honorhealth.com/,Workday,outcomes research,Nurse II - Clinical Research - Oncology,https://honorhealth.wd12.myworkdayjobs.com/en-US/HonorHealth_careers/job/Research-Institute---10510-N-92nd-St-Scottsdale-AZ-85258/Nurse-II---Clinical-Research---Oncology_JR8980?q=outcomes%20research,card[css-19uc56f  jobTitle]; data-automation-id=jobTitle; url[/job/]; title_pattern,2026-06-21T22:52:44.918209+00:00
HonorHealth,https://jobs.honorhealth.com/,Workday,outcomes research,Nurse II - Clinical Research - Bone Marrow Transplant,https://honorhealth.wd12.myworkdayjobs.com/en-US/HonorHealth_careers/job/Research-Institute---10510-N-92nd-St-Scottsdale-AZ-85258/Nurse-II---Clinical-Research---Bone-Marrow-Transplant_JR0000007688-1?q=outcomes%20research,card[css-19uc56f  jobTitle]; data-automation-id=jobTitle; url[/job/]; title_pattern,2026-06-21T22:52:44.918209+00:00
HonorHealth,https://jobs.honorhealth.com/,Workday,outcomes research,Clinical Research Nurse - Multispecialty,https://honorhealth.wd12.myworkdayjobs.com/en-US/HonorHealth_careers/job/Shea-Medical-Office-Building---10290-N-92nd-St-Scottsdale-AZ-85258/Clinical-Research-Nurse---Multispecialty_JR0000002751-1?q=outcomes%20research,card[css-19uc56f  jobTitle]; data-automation-id=jobTitle; url[/job/]; title_pattern,2026-06-21T22:52:44.918209+00:00
HonorHealth,https://jobs.honorhealth.com/,Workday,outcomes research,Magnet Coordinator,https://honorhealth.wd12.myworkdayjobs.com/en-US/HonorHealth_careers/job/Osborn-Medical-Center---7400-E-Osborn-Rd-Scottsdale-AZ-85251/Magnet-Coordinator_JR0000007876-1?q=outcomes%20research,card[css-19uc56f  jobTitle]; data-automation-id=jobTitle; url[/job/]; title_pattern,2026-06-21T22:52:44.918209+00:00
HonorHealth,https://jobs.honorhealth.com/,Workday,outcomes research,Lead - Genetic Counselor HonorHealth Cancer Care Deer Valley,https://honorhealth.wd12.myworkdayjobs.com/en-US/HonorHealth_careers/job/Deer-Valley-Medical-Office-Building---19646-N-27th-Ave-Phoenix-AZ-85027/Lead---Genetic-Counselor-HonorHealth-Cancer-Care-Deer-Valley_JR8498?q=outcomes%20research,card[css-19uc56f  jobTitle]; data-automation-id=jobTitle; url[/job/]; title_pattern,2026-06-21T22:52:44.918209+00:00
