organization,domain,visible_url,primary_category,secondary_categories,confidence,notes
Texas Tech University Health Sciences Center,ttuhsc.edu,https://www.ttuhsc.edu,academic,Academic Medical Centers; Health Sciences Center; Workday,high,SPH/Medicine; Texas academic health sciences; adjunct/epi potential; failure_reason=fetch_failed:HTTP Error 404: Not Found
Texas Tech University Health Sciences Center El Paso,ttuhscep.edu,https://www.ttuhscep.edu,academic,Medical School,high,Paul L. Foster School of Medicine
TFS HealthScience,tfscro.com,https://tfscro.com,cro_heor_rwe,CRO; Real-world evidence studies and global CRO resourcing,high,Global CRO services
The Borgen Project,borgenproject.org,https://borgenproject.org,global_health_ngo,International NGO; Global poverty and health policy advocacy,medium,Development advocacy organization
The Health Collaborative,healthcollab.org,https://www.healthcollab.org,clinical_informatics_healthit,HIE; Ohio health information exchange services provider,high,Ohio regional HIE organization
The Health Plan,healthplan.org,https://www.healthplan.org,payer_vbc,Health Insurance; Member portal for tracking payments and finding doctors,high,Health insurance company
The SSI Group,thessigroup.com,https://www.thessigroup.com,clinical_informatics_healthit,Healthcare Software; QM Optimizer Elite quality measurement and performance optimization; Quality Measurement; Revenue cycle management eligibility verification and EHR integrations,high,Healthcare IT services and software vendor; Integrates with care management and population health systems
The Wistar Institute,wistar.org,https://www.wistar.org,org_harvest,Research Institute; The Wistar Institute is a Global Leader in Biomedical Research,high,"Nation's first independent biomedical research institute; Biomedical research institute; Vaccine and immunotherapy center for immunology, virology, immuno-oncology"
Thermo Fisher Scientific,thermofisher.com,https://www.thermofisher.com,med_device_diagnostics,Biotech Companies; Clinical Research; Consulting; Diagnostic testing instruments and laboratory solutions; Diagnostics; Digital Health; HEOR; Medical Communications; Pharmaceutical; Phenom; RWE,high,CRO medical writing; CRO/RWE; Global pharmaceutical/biotech company with clinical research career opportunities; HEOR/RWE; HEOR/RWE/epi consulting; Life sciences; Major diagnostic and laboratory equipment provider; Medical/scientific communications; R19 new; RWD registries; failure_reason=no_matching_roles; pharma consulting
THRIVING,thrivingnhc.com,https://www.thrivingnhc.com,medical_communications,Healthcare Communications; National healthcare communications firm continues rapid growth,medium,PR Newswire article reveals organization name - healthcare communications firm
Tia,mhp-solution-group.com,https://www.mhp-solution-group.com/aussenhandel.php,Digital Health,Custom; Digital Health,medium,Women's health; failure_reason=no_matching_roles
Tiziana Life Sciences,tizianalifesciences.com,https://www.tizianalifesciences.com,pharma_biotech,Biotechnology; Bringing breakthrough therapies to patients with aim of treating Non-Active Secondary Progressive Multiple Sclerosis Alzheimer's and ALS,high,Biotechnology company
Total Trials,totaltrials.com,https://www.totaltrials.com,cro_heor_rwe,CRO; Global mission-driven contract research organization,high,Complex CRO clinical trial capabilities and patient recruitment
Tower Health,towerhealth.org,https://jobs.towerhealth.org/,Hospital Systems,Hospital Systems; Workday,medium,Hospital system; failure_reason=fetch_failed:<urlopen error [Errno -2] Name or service not known>
Tranquil Clinical Research,tranquilclinicalresearch.com,https://tranquilclinicalresearch.com,cro_heor_rwe,CRO; Full service CRO with Phase I unit,high,Open 24/7 Phase I capabilities
Translational Genomics Research Institute,tgen.org,https://www.tgen.org,academic,Academic Medical Centers; Research Institute; Workday,high,Arizona genomics nonprofit; Translational genomics; failure_reason=fetch_failed:HTTP Error 403: Forbidden
Trauma Informed Care Project,traumainformedcareproject.org,https://www.traumainformedcareproject.org,behavioral_mental_health,Trauma-informed care organization; Trauma-informed care framework implementation and training,medium,Organization providing trauma-informed care framework and training resources
Trauma Informed Oregon,traumainformedoregon.org,https://traumainformedoregon.org,behavioral_mental_health,Trauma-informed care organization; Trauma-informed care training and statewide implementation,medium,State-level coalition promoting trauma-informed practices across Oregon
Traumatic Stress Institute,traumaticstressinstitute.org,https://www.traumaticstressinstitute.org,behavioral_mental_health,Trauma-informed care organization / PTSD research organization; Trauma-informed care training and traumatic stress research,high,25+ years providing trauma-informed care training and research
Trenton Health Team,trentonhealthteam.org,https://www.trentonhealthteam.org,clinical_informatics_healthit,HIE; Regional health information exchange database for medical information sharing,high,Regional HIE organization
Tribal Tech,tribaltech.com,https://www.tribaltech.com/careers,Federal Healthcare Contractors,Custom; Federal Contractors; Federal Healthcare Contractors,medium,Federal contractor; IHS contractor; failure_reason=no_matching_roles
Tribute Health Plans,tributemedicare.com,https://www.tributemedicare.com,payer_vbc,Medicare Advantage; Medicare Advantage HMO-POS-SNP for long-term care,high,Medicare Advantage health plan
TridentCare,tridentcare.com,https://www.tridentcare.com,med_device_diagnostics,Laboratory Medicine; Mobile diagnostic services and laboratory,medium,Mobile health diagnostics provider
TriNetX,trinetx.com,https://trinetx.com/careers/,Digital Health,Dayforce; Digital Health,medium,Research network; failure_reason=fetch_failed:HTTP Error 403: Forbidden
Trinity Health,trinity-health.org,https://jobs.trinity-health.org/,Hospital Systems,Hospital Systems; Phenom,medium,Multi-state Catholic system; failure_reason=no_matching_roles
Trinity Life Sciences,trinitylifesciences.com,https://trinitylifesciences.com/company/careers/,HEOR / RWE / Consulting,Consulting; HEOR; HEOR Consulting; RWE,medium,HEOR consulting; Market access/HEOR
Triumvirate Environmental,triumvirate.com,https://triumvirate.com,environmental_occupational_health,"Environmental Consulting Firm; Occupational Health, Environmental Health",high,Provides industrial hygiene programs and OSHA compliance services for workplace safety
TriWest Healthcare Alliance,triwest.com,https://www.triwest.com/careers,Federal Contractors,Federal Contractors; Workday,medium,VA community care; failure_reason=fetch_failed:HTTP Error 404: Not Found
Trust for America's Health,tfah.org,https://www.tfah.org/about/careers/,Government / Public Health,Government; Public Health; Workday,medium,Public health advocacy; failure_reason=fetch_failed:HTTP Error 404: Not Found
Trusted Health Plan Inc,trustedhealthplan.com,https://www.trustedhealthplan.com,payer_vbc,Health Insurance; Health insurance plans,medium,DC-based health plan
Truveta,truveta.com,https://truveta.com/careers,Digital Health,Digital Health; Unknown,medium,EHR consortium; Fetch: HTTP Error 308: Permanent Redirect; failure_reason=fetch_failed:HTTP Error 308: Permanent Redirect
Tufts Health Plan,tuftshealthplan.com,https://www.tuftshealthplan.com,payer_vbc,Health Insurance; Medicare and Medicaid Health Connector employer-based plans,high,Massachusetts health insurer
Tufts Medical Center Research,tuftsmedicalcenter.org,https://www.tuftsmedicalcenter.org/careers,Academic Medical Centers,Academic Medical Centers; Unknown,medium,Academic; Fetch: HTTP Error 403: Forbidden; failure_reason=fetch_failed:HTTP Error 403: Forbidden
Tufts Medicine,tuftsmedicine.org,https://www.tuftsmedicine.org/careers,Academic Medical Centers,Academic Medical Centers; Workday,medium,Academic medical center; failure_reason=fetch_failed:HTTP Error 403: Forbidden
Tufts University School of Medicine Public Health,tufts.edu,https://careers.tufts.edu/,Academic Medical Centers,Academic Medical Centers,medium,SPH/Medicine; adjunct/epi potential
Tulane University,rsph.tulane.edu,https://rsph.tulane.edu/epid/employment,google_harvest,University; Epidemiology Employment,high,Tulane School of Public Health epidemiology employment
Tulane University School of Medicine,hr.tulane.edu,https://hr.tulane.edu/jobs,Academic Medical Centers,Academic Medical Centers; Workday,medium,Academic medical center; SPH/Medicine; adjunct/epi potential; failure_reason=no_matching_roles
Tulane University School of Public Health and Tropical Medicine,sph.tulane.edu,https://sph.tulane.edu,academic,School of Public Health,high,New Orleans public health
Tulu Health,tuluhealth.com,https://tuluhealth.com,ai_clinical_datascience,Healthcare AI; Deploying 27 specialized AI agents for RCM patient growth and clinical operations,high,Company homepage; page 12
Turacoz,turacoz.com,https://turacoz.com,medical_communications,Medical Communications; Global scientific communications agency delivering expert medical writing services as strategic MedComms partner,high,Google snippet - medical writing and scientific communications agency
Turnover Dynamics,turnoverdynamics.com,https://www.turnoverdynamics.com/promotional-medical-education,medical_communications,Medical Education; Promotional medical education services - decades of pharmaceutical marketing fixture involving training and educating medical sales reps,medium,Company service page - promotional medical education
Twist Bioscience,twistbioscience.com,https://www.twistbioscience.com,med_device_diagnostics,Biotech Companies; DNA synthesis and NGS-based diagnostic panels; Genomics Testing,high,Synthetic biology; Synthetic biology for genomic testing
UAMS Translational Research Institute,uams.edu,https://tri.uams.edu,academic,Academic Medical Centers; Translational Research Institute,high,Academic medical center; University of Arkansas for Medical Sciences
UC Berkeley School of Public Health,berkeley.edu,https://publichealth.berkeley.edu,academic,Academic Medical Centers; Job Openings | UC Berkeley Public Health; School of Public Health; University; Unknown,high,"Academic; Also seen under domain publichealth.berkeley.edu; Fetch: <urlopen error [SSL: CERTIFICATE_VERIFY_FAILED] certificate verify failed: Hostn; UC Berkeley public health; UC Berkeley public health school job opportunities; failure_reason=fetch_failed:<urlopen error [SSL: CERTIFICATE_VERIFY_FAILED] certificate verify failed: Hostname mismatch, certificate is not valid for 'careers.berkeley.edu'. (_s"
UC Davis Health,ucdavis.edu,https://health.ucdavis.edu,academic,Academic Medical Center; Academic Medical Centers; Workday,high,SPH/Medicine; Sacramento clinical research center; adjunct/epi potential; failure_reason=fetch_failed:HTTP Error 403: Forbidden
UC Davis Health Center for Health and Technology,health.ucdavis.edu,https://health.ucdavis.edu/cst,org_harvest,Digital Health; UC Davis Health Center for Health and Technology,high,Telehealth services and innovation; Academic medical center digital health focus; Innovation in clinical telehealth and digital health
UC Merced Health Sciences Research Institute,ucmerced.edu,https://hsri.ucmerced.edu,academic,Academic Medical Centers; Research Institute; Workday,high,SPH/Medicine; UC Merced health research; adjunct/epi potential; failure_reason=no_matching_roles
UC San Diego Health,health.ucsd.edu,https://health.ucsd.edu,hospital_system,About Us | UC San Diego Health; Academic Hospital; Academic Medical Center; General; Health Information Exchange,high,Academic health system participating in health information exchange for provider access; Academic medical center with clinical research; Region's only academic medical center; San Diego academic medical center; Strong translational medicine programs
UC San Diego Herbert Wertheim School of Public Health,sph.ucsd.edu,https://sph.ucsd.edu,academic,School of Public Health,high,UCSD public health school
UCB Biopharma,ucb.com,https://careers.ucb.com/global/en,Biotech Companies,Biotech Companies; Pharmaceutical Companies; Phenom; Unknown,medium,Fetch: <urlopen error [SSL: CERTIFICATE_VERIFY_FAILED] certificate verify failed: unabl; HEOR; R20 new; failure_reason=fetch_failed:<urlopen error [SSL: CERTIFICATE_VERIFY_FAILED] certificate verify failed: unable to get local issuer certificate (_ssl.c:1129)>; failure_reason=no_matching_roles
UCHealth,uchealth.org,https://careers.uchealth.org/,Hospital Systems,Hospital Systems; Workday,medium,Hospital/cancer center; failure_reason=fetch_failed:HTTP Error 403: Forbidden; population health research
UCI Health,ucihealth.org,https://www.ucihealth.org,org_harvest,"Academic Medical Center; About Us | UCI Health | Orange County, CA",high,UC Irvine academic health system; Academic medical center; NCI-designated Comprehensive Cancer Center in Orange County
UCLA Fielding School of Public Health,ucla.edu,https://ph.ucla.edu,academic,Academic Medical Centers; School of Public Health; UCLA Fielding School of Public Health; University; Unknown,high,Academic; Also seen under domain ph.ucla.edu; Fetch: <urlopen error [Errno -2] Name or service not known>; Graduates lead transformative public health work across all 50 states; Strong epidemiology and community health sciences; Top school of public health; UC Los Angeles public health; failure_reason=fetch_failed:<urlopen error [Errno -2] Name or service not known>
UConn Health Clinical Research Center,uconn.edu,https://health.uconn.edu/clinical-research-center,academic,Clinical Research Center,high,University of Connecticut
UCSF Fresno,ucsf.edu,https://fresno.ucsf.edu,academic,Academic Medical Center; Academic Medical Centers; Oracle Recruiting,high,Academic; SPH/Medicine; UCSF regional campus clinical research; adjunct/epi potential; failure_reason=no_matching_roles
UCSF Health,ucsfhealth.org,https://www.ucsfhealth.org,org_harvest,Academic Medical Center; UCSF Health: Ranked #1 in CA,high,Consistently ranked top hospital in California; Premier academic medical center; Premier academic medical center in California
UCSF Institute for Global Health Sciences,globalhealthsciences.ucsf.edu,https://globalhealthsciences.ucsf.edu,org_harvest,University; UCSF Institute for Global Health Sciences,high,Major global health training programs; Academic global health research institute; Developing high-quality evidence for healthy productive lives globally
UF Health,ufhealth.org,https://www.ufhealth.org,hospital_system,Academic Hospital,high,University of Florida Health academic medical center with public health focus
Ufonia,ufonia.com,https://ufonia.com,ai_clinical_datascience,Healthcare AI; Scaling AI care with 150000+ patient conversations,medium,Company homepage; page 12
UHIN,uhin.org,https://www.uhin.org,clinical_informatics_healthit,HIE; Utah Health Information Network for statewide clinical data exchange,high,Utah statewide HIE
UICC,uicc.org,https://www.uicc.org,global_health_ngo,Global Health; Global cancer control and prevention,high,Union for International Cancer Control
Ultragenyx Pharmaceutical,ultragenyx.com,https://www.ultragenyx.com/join-our-team/,Biotech Companies,Biotech Companies; Workday (embedded; blocked API),medium,Rare disease; failure_reason=no_matching_roles
UMass Amherst School of Public Health and Health Sciences,umass.edu,https://www.umass.edu/public-health-sciences,academic,Academic Medical Centers; School of Public Health; Workday,high,SPH/Medicine; UMass flagship campus; adjunct/epi potential; failure_reason=no_content
UMass Chan Medical School,umassmed.edu,https://www.umassmed.edu,academic,Medical School,high,University of Massachusetts medical school
UN Foundation,unfoundation.org,https://unfoundation.org,global_health_ngo,Global Health; UN partnership on sustainable development and global health,high,Philanthropic foundation supporting UN health priorities
UNC Gillings School of Global Public Health,sph.unc.edu,https://sph.unc.edu,academic,Academic Medical Centers; Hospital Systems; School of Public Health; UNC Gillings School of Global Public Health; University; Workday,high,Also seen under domain unc.wd1.myworkdayjobs.com; Fetch: HTTP Error 500: Internal Server Error; Hospital system; SPH/Medicine; Strong global health programs; Tied for No. 2 overall US school of public health; Top-ranked school of public health; University of North Carolina; Workday; adjunct/epi potential; failure_reason=fetch_failed:HTTP Error 500: Internal Server Error
UNC Health,unchealth.org,https://www.unchealth.org,org_harvest,Hospital System; UNC Health | Changing Lives for the Better,high,Integrated with UNC School of Medicine; Academic health system with clinical research; Not-for-profit integrated health care system owned by the state
UNC School of Medicine Department of Health Sciences,med.unc.edu,https://www.med.unc.edu/healthsciences,org_harvest,University; Department of Health Sciences - UNC School of Medicine,high,Interdisciplinary health sciences research; Academic health sciences department; Clinical laboratory science and human movement science programs
UNC Sheps Center,shepscenter.unc.edu,https://shepscenter.unc.edu/employment/,Academic Medical Centers,Academic Medical Centers; Unknown,medium,Fetch: <urlopen error timed out>; UNC; failure_reason=fetch_failed:<urlopen error timed out>
UNFPA,unfpa.org,https://www.unfpa.org,global_health_ngo,Global Health; Reproductive health and maternal health,high,UN sexual and reproductive health agency
United Nations Industrial Development Organization (UNIDO),unido.org,https://www.unido.org,environmental_occupational_health,International Organization; Environmental Health,medium,Provides solutions for pressing global challenges including sustainable industrial development
United Therapeutics,unither.com,https://www.unither.com/careers/to-be-a-unitherian,Biotech Companies,Biotech Companies; Workday (embedded; blocked API),medium,Rare disease/pulmonary; failure_reason=no_matching_roles
UnitedHealthcare,uhc.com,https://www.uhc.com,payer_vbc,Health Insurance; National health insurance including Medicare and Medicaid,high,Major national health insurer
University at Buffalo School of Public Health,buffalo.edu,https://jobs.buffalo.edu/,Academic Medical Centers,Academic Medical Centers; Workday,medium,SPH/Medicine; adjunct/epi potential; failure_reason=fetch_failed:<urlopen error [Errno -2] Name or service not known>
University Health System,universityhealth.com,https://www.universityhealth.com,behavioral_mental_health,Behavioral health company / Healthcare system; Regional healthcare including behavioral health services,medium,Regional healthcare system with public health and behavioral health programs
University of Alabama at Birmingham School of Public Health,uab.edu,https://www.uab.edu/soph,academic,Academic Medical Centers; Home | School of Public Health; Prospective Faculty and Staff | School of Public Health; School of Public Health; University; Workday,high,"Academic employer for epidemiologists and health services researchers; CTSA; Health policy, research, centers, and events; SPH/Medicine; Southeastern public health school; Strong health services research and epidemiology; UAB School of Public Health official employment opportunities page for faculty and staff; adjunct/epi potential; epi/biostat; failure_reason=fetch_failed:HTTP Error 404: Not Found"
University of Alaska Anchorage Health Sciences,alaska.edu,https://careers.alaska.edu/,Schools of Public Health,Academic Medical Centers; Schools of Public Health,medium,SPH; SPH/Medicine; adjunct/epi potential
University of Arizona Health Sciences,arizona.edu,https://healthsciences.arizona.edu,academic,Academic Medical Centers; Cornerstone; Health Sciences Center,high,Academic medical center; Also seen under domain talent.arizona.edu; Arizona academic health sciences; SPH/Medicine; adjunct/epi potential; failure_reason=no_matching_roles
University of Arkansas Fay W. Boozman College of Public Health,uark.edu,https://jobs.uark.edu/,Academic Medical Centers,Academic Medical Centers,medium,SPH/Medicine; adjunct/epi potential
University of California Health,ucop.edu,https://www.ucop.edu/uc-health,org_harvest,Academic Medical Center; University of California Health,high,Global Health Institute and systemwide services; UC-wide coordinated health system; Six academic health centers and 21 health professional schools
University of California Irvine Program in Public Health,uci.edu,https://careers.uci.edu/,Academic Medical Centers,Academic Medical Centers; Workday,medium,SPH/Medicine; adjunct/epi potential; failure_reason=fetch_failed:<urlopen error [Errno -2] Name or service not known>
University of California Los Angeles Health,uclahealth.org,https://uclahealth.org/careers,Academic Medical Centers,Academic Medical Centers; Workday,medium,SPH/Medicine; adjunct/epi potential; failure_reason=fetch_failed:HTTP Error 404: Not Found
University of California Riverside School of Medicine,ucr.edu,https://careers.ucr.edu/,Academic Medical Centers,Academic Medical Centers,medium,SPH/Medicine; adjunct/epi potential
University of California Santa Barbara Health Sciences,ucsb.edu,https://jobs.ucsb.edu/,Academic Medical Centers,Academic Medical Centers; Workday,medium,SPH/Medicine; adjunct/epi potential; failure_reason=no_matching_roles
University of California Santa Cruz Health Sciences,ucsc.edu,https://jobs.ucsc.edu/,Academic Medical Centers,Academic Medical Centers; Workday,medium,SPH/Medicine; adjunct/epi potential; failure_reason=no_matching_roles
University of Central Florida College of Medicine,ucf.edu,https://jobs.ucf.edu/,Academic Medical Centers,Academic Medical Centers,medium,SPH/Medicine; adjunct/epi potential
University of Chicago,health.uchicago.edu,https://health.uchicago.edu/people/job-opportunities,google_harvest,Academic Medical Center; Job Opportunities,high,Academic medical center with public health sciences career opportunities
University of Chicago Health Lab,uchicago.wd5.myworkdayjobs.com,https://uchicago.wd5.myworkdayjobs.com/External,Academic Medical Centers,Academic Medical Centers,medium,Workday
University of Cincinnati College of Medicine Public Health,uc.edu,https://jobs.uc.edu/,Academic Medical Centers,Academic Medical Centers; Workday,medium,Academic medical center; SPH/Medicine; adjunct/epi potential; failure_reason=no_matching_roles
University of Colorado Anschutz,cu.taleo.net,https://cu.taleo.net/careersection/2/moresearch.ftl?lang=en,Academic Medical Centers,Academic Medical Centers; Taleo,medium,SPH/Medicine; Taleo; adjunct/epi potential; failure_reason=no_matching_roles
University of Connecticut Health,uchc.edu,https://jobs.uchc.edu/,Academic Medical Centers,Academic Medical Centers; Workday,medium,Academic medical center; SPH/Medicine; adjunct/epi potential; failure_reason=no_matching_roles
University of Connecticut School of Medicine Public Health,hartfordhealthcare.org,https://jobs.hartfordhealthcare.org/,Academic Medical Centers,Academic Medical Centers; Hospital Systems; Workday,medium,Hospital system; SPH/Medicine; adjunct/epi potential; failure_reason=fetch_failed:<urlopen error [Errno -2] Name or service not known>
University of Delaware College of Health Sciences,udel.edu,https://www.udel.edu/apply/ud-jobs/,Academic Medical Centers,Academic Medical Centers; Workday,medium,SPH/Medicine; adjunct/epi potential; failure_reason=fetch_failed:HTTP Error 404: Not Found
University of Florida College of Public Health,explore.jobs.ufl.edu,https://explore.jobs.ufl.edu/,Academic Medical Centers,Academic Medical Centers; Workday,medium,Academic medical center; SPH/Medicine; adjunct/epi potential; failure_reason=no_matching_roles
University of Georgia College of Public Health,uga.edu,https://careers.uga.edu/,Academic Medical Centers,Academic Medical Centers; Workday,medium,SPH/Medicine; adjunct/epi potential; failure_reason=fetch_failed:<urlopen error [Errno -2] Name or service not known>
University of Health Sciences and Pharmacy St. Louis,uhsp.edu,https://www.uhsp.edu,academic,Health Sciences Center; University; University of Health Sciences and Pharmacy in St. Louis,high,Health sciences academic institution; Health sciences university with pharmacy and health professions; Pharmacy and health professions education; St. Louis health sciences university
University of Houston HEALTH Research Institute,uh.edu,https://www.uh.edu/centers-institutes/health,academic,Research Institute,high,UH health research institute
University of Illinois Chicago Health,uic.edu,https://www.uic.edu/health-care,org_harvest,Academic Medical Center; Academic Medical Centers; Health Care | University of Illinois Chicago; Workday,high,SPH/Medicine; UI Health clinical and community programs; Urban academic health center with Mile Square Health Center; Urban academic health system; adjunct/epi potential; failure_reason=fetch_failed:HTTP Error 403: Forbidden
University of Illinois Chicago School of Public Health,publichealth.uic.edu,https://publichealth.uic.edu,academic,School of Public Health; School of Public Health | University of Illinois Chicago; University,high,"Academic employer for epidemiologists and biostatisticians; Health equity and social justice focus; Strong global health and community health sciences; WHO Collaborating Center, Global Health Research Portfolio"
University of Iowa College of Public Health,uiowa.edu,https://jobs.uiowa.edu/,Academic Medical Centers,Academic Medical Centers; Workday,medium,Academic; Academic medical center; SPH/Medicine; adjunct/epi potential; failure_reason=no_matching_roles
University of Kansas Medical Center,kumc.edu,https://www.kumc.edu › academics › departments › population,hospital_system,Academic Hospital; Academic Medical Centers,high,Academic medical center; University of Kansas Health System with Cancer Center and population health program
University of Kansas School of Public Health,ku.edu,https://jobs.ku.edu/,Academic Medical Centers,Academic Medical Centers; Workday,medium,SPH/Medicine; adjunct/epi potential; failure_reason=no_matching_roles
University of Kentucky College of Health Sciences,chs.uky.edu,https://chs.uky.edu,org_harvest,University; College of Health Sciences | University of Kentucky,high,Clinical laboratory and health services programs; Academic health sciences institution; Clinical laboratory science and health services programs
University of Kentucky College of Public Health,ukjobs.uky.edu,https://ukjobs.uky.edu/,Academic Medical Centers,Academic Medical Centers; Workday,medium,Academic medical center; SPH/Medicine; adjunct/epi potential; failure_reason=no_matching_roles
University of Louisville School of Public Health and Information Sciences,louisville.edu,https://publichealth.louisville.edu,academic,Academic Medical Centers; School of Public Health; Workday,high,Academic medical center; Kentucky SPHIS; failure_reason=fetch_failed:<urlopen error [Errno -2] Name or service not known>
University of Maine School of Nursing and Health,maine.edu,https://jobs.maine.edu/,Academic Medical Centers,Academic Medical Centers; Workday,medium,SPH/Medicine; adjunct/epi potential; failure_reason=fetch_failed:<urlopen error [Errno -2] Name or service not known>
University of Maryland Medical System,umms.org,https://www.umms.org › health-services › population-health,hospital_system,Academic Hospital; Hospital Systems; Workday,high,Hospital system; Multi-hospital academic system enabling best practices across Maryland communities; failure_reason=no_matching_roles
University of Maryland School of Medicine,medschool.umaryland.edu,https://www.medschool.umaryland.edu,academic,Medical School,high,UM Baltimore medical school
University of Maryland School of Public Health,umd.edu,https://sph.umd.edu,academic,Academic Medical Centers; School of Public Health,high,"Also seen under domain umd.wd1.myworkdayjobs.com; College Park, Maryland; SPH/Medicine; adjunct/epi potential"
University of Memphis School of Public Health,memphis.edu,https://www.memphis.edu/publichealth,academic,Academic Medical Centers; School of Public Health; Workday,high,Also seen under domain workday.memphis.edu; SPH/Medicine; Tennessee public health school; adjunct/epi potential; failure_reason=fetch_failed:<urlopen error [Errno -5] No address associated with hostname>
University of Miami Miller School of Medicine,med.miami.edu,https://med.miami.edu,academic,Academic Medical Centers; Medical School; Workday,high,Also seen under domain miami.edu; Diabetes Research Institute affiliate; SPH/Medicine; adjunct/epi potential; failure_reason=no_matching_roles
University of Michigan IHPI,umich.edu,https://careers.umich.edu/,Academic Medical Centers,Academic Medical Centers; Custom,medium,Health policy innovation; SPH/Medicine; adjunct/epi potential; failure_reason=no_matching_roles
University of Michigan School of Public Health,sph.umich.edu,https://sph.umich.edu,academic,Research Centers & Initiatives | University of Michigan SPH; School of Public Health; University,high,NCI Center for Health Communications Research and partners; Strong health communications and cancer prevention research; Top school of public health; Top-ranked public health school
University of Minnesota School of Public Health,sph.umn.edu,https://www.sph.umn.edu,academic,Academic Medical Centers; Custom; School of Public Health; University; University of Minnesota School of Public Health,high,Academic; Academic employer for epidemiologists and health services researchers; Also seen under domain hr.umn.edu; Health services workforce engine of public health; Nationally top-ranked programs; Strong environmental and occupational health programs; failure_reason=no_matching_roles
University of Mississippi Medical Center,umc.edu,https://umc.edu,hospital_system,Academic Hospital; Academic Medical Centers; Workday,high,John D. Bower School of Population Health; SPH/Medicine; adjunct/epi potential; failure_reason=fetch_failed:<urlopen error [Errno -2] Name or service not known>
University of Missouri School of Medicine,medicine.missouri.edu,https://medicine.missouri.edu/centers-institutes-labs/careers,google_harvest,Academic Medical Center; Employment - University of Missouri School of Medicine,high,Medical school employment opportunities including epidemiology
University of Missouri School of Public Health,missouri.edu,https://jobs.missouri.edu/,Academic Medical Centers,Academic Medical Centers; Workday,medium,SPH/Medicine; adjunct/epi potential; failure_reason=fetch_failed:<urlopen error [Errno -2] Name or service not known>
University of Missouri-Kansas City School of Medicine,umkc.edu,https://jobs.umkc.edu/,Academic Medical Centers,Academic Medical Centers; Workday,medium,SPH/Medicine; adjunct/epi potential; failure_reason=fetch_failed:<urlopen error [Errno -2] Name or service not known>
University of Nebraska College of Public Health,employment.unl.edu,https://employment.unl.edu/,Academic Medical Centers,Academic Medical Centers; Workday,medium,SPH/Medicine; adjunct/epi potential; failure_reason=no_matching_roles
University of Nebraska Medical Center,unmc.edu,https://www.unmc.edu/hr/careers.html,Academic Medical Centers,Academic Medical Centers; Workday,medium,Academic medical center; failure_reason=fetch_failed:HTTP Error 404: Not Found
University of Nevada Las Vegas School of Public Health,unlv.edu,https://www.unlv.edu/publichealth,academic,Academic Medical Centers; School of Public Health,high,SPH/Medicine; UNLV public health school; adjunct/epi potential
University of Nevada Reno School of Public Health,unr.edu,https://www.unr.edu/public-health,academic,Academic Medical Centers; School of Public Health,high,CEPH-accredited programs; SPH/Medicine; adjunct/epi potential
University of New Hampshire Health Sciences,usnh.edu,https://jobs.usnh.edu/,Academic Medical Centers,Academic Medical Centers; Workday,medium,SPH/Medicine; adjunct/epi potential; failure_reason=fetch_failed:HTTP Error 404: Not Found
University of New Mexico College of Population Health,unmjobs.unm.edu,https://unmjobs.unm.edu/,Academic Medical Centers,Academic Medical Centers; Workday,medium,Academic medical center; SPH/Medicine; adjunct/epi potential; failure_reason=no_matching_roles
University of North Carolina at Charlotte Public Health Sciences,uncc.edu,https://careers.uncc.edu/,Academic Medical Centers,Academic Medical Centers; Workday,medium,SPH/Medicine; adjunct/epi potential; failure_reason=fetch_failed:<urlopen error [Errno -2] Name or service not known>
University of North Dakota School of Medicine,und.edu,https://jobs.und.edu/,Schools of Public Health,Academic Medical Centers; Schools of Public Health; Workday,medium,SPH; SPH/Medicine; adjunct/epi potential; failure_reason=fetch_failed:<urlopen error [Errno -2] Name or service not known>
University of North Texas Health,unthsc.edu,https://jobs.unthsc.edu/,Schools of Public Health,Schools of Public Health; Workday,medium,SPH / health sciences; failure_reason=fetch_failed:<urlopen error [Errno -5] No address associated with hostname>
University of Northern Colorado Colorado School of Public Health,unco.edu,https://www.unco.edu/nhs/colorado-school-public-health,academic,School of Public Health,high,Colorado SPH collaborative campus
University of Notre Dame Health Sciences,nd.edu,https://careers.nd.edu/,Academic Medical Centers,Academic Medical Centers; Workday,medium,SPH/Medicine; adjunct/epi potential; failure_reason=no_matching_roles
University of Oklahoma Health,ouhealth.com,https://jobs.ouhealth.com/,Academic Medical Centers,Academic Medical Centers; Hospital Systems; Workday,medium,Academic medical center; Hospital/cancer center; failure_reason=fetch_failed:<urlopen error [Errno -2] Name or service not known>; population health research
University of Oklahoma Health Sciences Center,ouhsc.edu,https://jobs.ouhsc.edu/,Academic Medical Centers,Academic Medical Centers,medium,Academic medical center
University of Oklahoma Hudson College of Public Health,ou.edu,https://jobs.ou.edu/,Academic Medical Centers,Academic Medical Centers; Workday; Workday (embedded; blocked API),medium,SPH/Medicine; adjunct/epi potential; failure_reason=no_content; failure_reason=no_matching_roles
University of Pennsylvania Perelman School of Public Health,wd1.myworkdaysite.com,https://wd1.myworkdaysite.com/recruiting/upenn/careers-at-penn,Academic Medical Centers,Academic Medical Centers; Workday,medium,SPH/Medicine; adjunct/epi potential; failure_reason=no_matching_roles
University of Pittsburgh Graduate School of Public Health,join.pitt.edu,https://www.join.pitt.edu/,Academic Medical Centers,Academic Medical Centers,medium,Academic
University of Pittsburgh School of Public Health,pitt.edu,https://www.publichealth.pitt.edu,academic,School of Public Health,high,Pennsylvania consortium coordinator
University of Puerto Rico Graduate School of Public Health,uprrp.edu,https://www.uprrp.edu/jobs/,Academic Medical Centers,Academic Medical Centers; Custom,medium,SPH/Medicine; adjunct/epi potential; failure_reason=no_matching_roles
University of Puerto Rico SPH,upr.edu,https://www.upr.edu/carreras/,Schools of Public Health,Schools of Public Health; Workday,medium,SPH; failure_reason=fetch_failed:HTTP Error 404: Not Found
University of Rhode Island Public Health,uri.edu,https://jobs.uri.edu/,Academic Medical Centers,Academic Medical Centers; Workday,medium,SPH/Medicine; adjunct/epi potential; failure_reason=no_matching_roles
University of Rochester Medical Center,rochester.edu,https://rochester.edu/working/jobs/,Academic Medical Centers,Academic Medical Centers; Workday,medium,Academic medical center; SPH/Medicine; adjunct/epi potential; failure_reason=fetch_failed:HTTP Error 404: Not Found
University of South Carolina Arnold School of Public Health,sc.edu,https://sc.edu/study/colleges_schools/public_health,academic,Academic Medical Centers; School of Public Health; Workday,high,Also seen under domain uscjobs.sc.edu; SPH/Medicine; Southeastern public health school; adjunct/epi potential; failure_reason=no_matching_roles
University of South Dakota Sanford School of Medicine,usd.edu,https://jobs.usd.edu/,Schools of Public Health,Academic Medical Centers; Schools of Public Health; Workday,medium,SPH; SPH/Medicine; adjunct/epi potential; failure_reason=fetch_failed:<urlopen error [Errno -2] Name or service not known>
University of South Florida College of Public Health,usf.edu,https://www.usf.edu/work-at-usf/,Schools of Public Health,Academic Medical Centers; Schools of Public Health; Workday,medium,SPH; SPH/Medicine; adjunct/epi potential; failure_reason=no_matching_roles
University of Southern California Keck Medicine,usc.edu,https://jobs.usc.edu/,Academic Medical Centers,Academic Medical Centers; Workday,medium,Academic medical center; SPH/Medicine; adjunct/epi potential; failure_reason=fetch_failed:<urlopen error [Errno -5] No address associated with hostname>
University of Tennessee College of Public Health,ut.taleo.net,https://ut.taleo.net/,Academic Medical Centers,Academic Medical Centers; Taleo,medium,Academic medical center; SPH/Medicine; adjunct/epi potential; failure_reason=fetch_failed:<urlopen error [Errno -2] Name or service not known>
University of Tennessee Health Science,uthsc.edu,https://uthsc.edu/hr/careers.php,Academic Medical Centers,Academic Medical Centers; Workday,medium,Academic medical center; failure_reason=fetch_failed:HTTP Error 404: Not Found
University of Texas School of Public Health,utsystem.edu,https://jobs.utsystem.edu/,Academic Medical Centers,Academic Medical Centers; Workday,medium,SPH/Medicine; adjunct/epi potential; failure_reason=fetch_failed:<urlopen error [Errno -2] Name or service not known>
University of Utah Health,utah.edu,https://healthcare.utah.edu,hospital_system,Academic Hospital; Academic Medical Center; Academic Medical Centers; Hospital Systems; PeopleAdmin; Workday,high,Academic medical center; Academic medical center with patient care education and research expertise; Also seen under domain healthcare.utah.edu; Also seen under domain utah.peopleadmin.com; Hospital/cancer center; Mountain West academic medical center; SPH/Medicine; adjunct/epi potential; failure_reason=fetch_failed:HTTP Error 403: Forbidden; failure_reason=no_matching_roles; population health research
University of Utah School of Medicine,medicine.utah.edu,https://medicine.utah.edu/jobs,google_harvest,Academic Medical Center; Job Openings in PHS | Population Health Sciences,high,Population health sciences division job opportunities
University of Vermont College of Medicine,uvm.edu,https://www.uvm.edu/uvmjobs,Academic Medical Centers,Academic Medical Centers; Workday,medium,SPH/Medicine; adjunct/epi potential; failure_reason=no_matching_roles
University of Vermont Medical Center,uvmhealth.org,https://www.uvmhealth.org/careers,Academic Medical Centers,Academic Medical Centers; Workday,medium,Academic medical center; failure_reason=no_matching_roles
University of Virginia Health,uvahealth.org,https://jobs.uvahealth.org/,Academic Medical Centers,Academic Medical Centers; Workday,medium,Academic medical center; failure_reason=fetch_failed:<urlopen error [Errno -2] Name or service not known>
University of Virginia Health System,medicalcenter.virginia.edu,https://www.medicalcenter.virginia.edu › population-health,hospital_system,Academic Hospital,high,Nationally ranked academic medical center with Level I trauma center and population health program
University of Virginia School of Medicine,virginia.edu,https://med.virginia.edu,academic,Academic Medical Center; Job Opportunities - Public Health Sciences; Medical School,high,Academic medical center with public health sciences division seeking epidemiologists and data scientists; Also seen under domain med.virginia.edu; UVA academic medical center
University of Washington Epidemiology,epi.washington.edu,https://epi.washington.edu/careers/epi,google_harvest,University; Careers - UW Epidemiology - University of Washington,high,University epidemiology department career opportunities
University of Washington IHME,washington.edu,https://www.washington.edu/jobs/,Academic Medical Centers,Academic Medical Centers; Custom; Hospital Systems,medium,Global health metrics; Hospital/cancer center; SPH/Medicine; adjunct/epi potential; failure_reason=no_matching_roles; population health research
University of Washington School of Public Health,sph.washington.edu,https://sph.washington.edu,academic,School of Public Health; School of Public Health | University of Washington; University,high,"Dedicated to science, teaching, and community well-being; Pacific Northwest public health school; Strong global health and health metrics programs; Top school of public health"
University of Wisconsin Population Health Institute,wisc.edu,https://uwph.pophealth.wisc.edu,academic,Academic Medical Centers; Custom; Population Health Institute,high,Academic; Academic medical center; SPH/Medicine; Translates research for policy; adjunct/epi potential; failure_reason=no_content
University of Wisconsin School of Medicine,med.wisc.edu,https://www.med.wisc.edu/about,google_harvest,Academic Medical Center; About Us - Employment Opportunities - School of Medicine,high,University of Wisconsin medical school employment opportunities
University of Wisconsin-Milwaukee Zilber School of Public Health,uwm.edu,https://uwm.edu/publichealth,academic,School of Public Health,high,UWM public health school
University of Wyoming Public Health,uwyo.edu,https://uwyo.edu/hr/careers,Academic Medical Centers,Academic Medical Centers; Workday,medium,SPH/Medicine; adjunct/epi potential; failure_reason=fetch_failed:<urlopen error timed out>
UNM Health Sciences Center,unm.edu,https://hsc.unm.edu,academic,Academic Medical Center; Career Opportunities; Health Sciences Center,high,Also seen under domain hsc.unm.edu; New Mexico academic medical center; University of New Mexico health sciences career opportunities
UNM Health System,unmhealth.com,https://www.unmhealth.com,hospital_system,Academic Hospital,high,Albuquerque NM teaching hospital system including UNM Children's Hospital and Cancer Center
UNT Health Science Center,unthealth.edu,https://www.unthealth.edu,academic,Academic Medical Center; Health Sciences Center; UNT Health Fort Worth,high,Academic medical center; Academic medical center with translational research institutes; Fort Worth Texas HSC; Health disparities and translational research centers
UNU International Institute for Global Health,unu.edu,https://unu.edu/iigh,global_health_ngo,International Research; Global health inequalities research and capacity building,high,UN University global health research institute
UofL Health,uoflhealth.org,https://uoflhealth.org,org_harvest,Academic Medical Center; UofL Health | Louisville Hospital and Health Care System,high,Partnership with University of Louisville School of Medicine; Academic health system; Academic health system with 250+ physician practice locations
UPMC Health Plan,upmchealthplan.com,https://www.upmchealthplan.com,payer_vbc,Health Insurance; Access to hospitals doctors and customer service,high,Pennsylvania health insurer
Urban Health Plan,urbanhealthplan.org,https://www.urbanhealthplan.org,payer_vbc,Health Insurance; Medicare and Medicaid plans Health Connector employer plans,high,Community health plan
Urban Institute Federal,urban.org,https://www.urban.org/careers,Federal Contractors,Federal Contractors; Research Organizations,medium,Federal health research/contractor; Health policy research
USA Center for Rural Public Health Preparedness,usacenter.tamiu.edu,https://usacenter.tamiu.edu,environmental_occupational_health,Academic Center; Public Health Preparedness,high,Texas A&M International University CDC-funded center focusing on rural public health preparedness
USC Keck School of Medicine,keck.usc.edu,https://keck.usc.edu,academic,Academic Medical Center; Careers - Department of Population and Public Health Sciences; Medical School,high,USC academic medical school; USC medical school population health sciences careers
UT Center for Industrial Services,cis.tennessee.edu,https://cis.tennessee.edu,environmental_occupational_health,University Center; Other,high,University of Tennessee center providing industrial consulting and business improvement services
UT Health San Antonio,uthscsa.edu,https://uthscsa.edu,academic,Academic Medical Center; Academic Medical Centers; Careers | Population Health Sciences - School of Medicine; Workday,high,Also seen under domain uthscsa.uthhealth.edu; SPH/Medicine; UT Health population health sciences careers; University of Texas HSC San Antonio; adjunct/epi potential; failure_reason=fetch_failed:<urlopen error timed out>
UT Southwestern O'Donnell School of Public Health,utsouthwestern.edu,https://sph.utsouthwestern.edu,hospital_system,Academic Hospital; Academic Medical Centers; Careers at O'Donnell School of Public Health; Hospital Systems; School of Public Health; Taleo; University,high,Academic; Also seen under domain osph.utsouthwestern.edu; Dallas TX academic medical center with children's hospital; Hospital/cancer center; UT Southwestern Medical Center; UT Southwestern public health school career opportunities; failure_reason=no_matching_roles; population health research
UTHealth Houston,uth.edu,https://www.uth.edu/careers/,Academic Medical Centers,Academic Medical Centers; Unknown,medium,Academic; Fetch: HTTP Error 403: Forbidden; SPH/Medicine; adjunct/epi potential; failure_reason=fetch_failed:HTTP Error 403: Forbidden
UTHealth Houston School of Public Health,sph.uth.edu,https://sph.uth.edu,academic,Campuses - UTHealth Houston School of Public Health; School of Public Health; University,high,"Academic employer for epidemiologists and biostatisticians; Multiple campuses across Texas; Solutions for public health problems, partners with city of Houston; Texas publicly funded graduate school"
UVA Health,uvahealth.com,https://uvahealth.com,academic,About Us | UVA Health; Academic Medical Center,high,Integrated health system with world-class academic medical center and research; Major academic medical center with clinical research; Strong clinical research infrastructure; University of Virginia health system
UW Health,uwhealth.org,https://www.uwhealth.org,hospital_system,Academic Hospital,high,University of Wisconsin Hospitals and Clinics academic health system
V2X,v2x.com,https://www.v2x.com/careers/,Federal Contractors,Federal Contractors; Unknown,medium,Federal health research/contractor; Fetch: HTTP Error 404: Not Found; failure_reason=fetch_failed:HTTP Error 404: Not Found; iCIMS
Valley Children's Healthcare,valleychildrens.org,https://careers.valleychildrens.org/,Hospital Systems,Hospital Systems; Workday,medium,Hospital/cancer center; failure_reason=fetch_failed:<urlopen error [Errno -2] Name or service not known>; population health research
Valley Health Plan,valleyhealthplan.org,https://www.valleyhealthplan.org,payer_vbc,Care Management; Care management program case management care coordination,high,Care management services
Valley Health System,valleyhealth.com,https://www.valleyhealth.com,hospital_system,Regional Health System,high,New Jersey regional health system
Valor Health Plans,valorhealthplan.com,https://www.valorhealthplan.com,payer_vbc,Medicare Advantage; Medicare Advantage HMO-SNP for long-term care,high,Medicare Advantage plan
Vanderbilt University Medical Center,vumc.org,https://www.vumc.org,hospital_system,Academic Hospital; Academic Medical Centers; Unknown,high,Policy research; R19 new; SPH/Medicine; Vanderbilt Institute for Population and Public Health including children's hospital; Workday; adjunct/epi potential; failure_reason=fetch_failed:HTTP Error 404: Not Found
VCU Health,vcuhealth.org,https://www.vcuhealth.org,hospital_system,Academic Hospital; academic research lab; injury and violence prevention research,high,Academic medical center research lab with dedicated injury and violence prevention mission; Virginia Commonwealth University Health System with discovery and innovation focus
VCU School of Public Health,vcu.edu,https://sph.vcu.edu,academic,Academic Medical Centers; School of Public Health; Workday,high,SPH/Medicine; Virginia Commonwealth University; adjunct/epi potential; failure_reason=fetch_failed:<urlopen error [Errno -2] Name or service not known>
Veeva Systems,veeva.com,https://www.veeva.com,pharma_biotech,AI; Custom; Digital Health; Industry cloud for life sciences with software; Other; and consulting; data,medium,Life sciences cloud; Software and cloud services for life sciences; failure_reason=no_matching_roles
Velocity Clinical Research,velocityclinical.com,https://velocityclinical.com/careers,google_harvest,CRO; Careers,high,Clinical research organization with integrated research sites
Veradigm,veradigm.com,https://veradigm.com/real-world-evidence,cro_heor_rwe,AI-powered real-world evidence and outcomes research insights; Clinical Data; Digital Health; EHR; EHR Data; RWE; Unknown,high,Digital health/RWE; EHR/claims; Fetch: HTTP Error 403: Forbidden; RWE company reshaping HEOR and life sciences innovation; Real-world evidence services leveraging EHR-sourced clinical registry populations; failure_reason=fetch_failed:HTTP Error 403: Forbidden
Veramed,veramed.com,https://veramed.com/careers/,HEOR / RWE / Consulting,Consulting; Custom; HEOR; RWE,medium,Biostatistics/RWE; failure_reason=no_matching_roles
Verana Health,veranahealth.com,https://veranahealth.com/careers/,Digital Health,Consulting; Digital Health; HEOR; RWE,medium,HEOR/RWE/epi consulting; Ophthalmology RWD
Verantos,verantos.com,https://verantos.com/about,cro_heor_rwe,RWE; Real-world evidence for clinical regulatory and reimbursement purposes,high,High-validity RWE generation
Verato,verato.com,https://www.verato.com,clinical_informatics_healthit,Health IT; Master data management cloud platform for patient matching and data integrity,high,Healthcare patient identity and MDM platform
Verily,verily.com,https://www.verily.com,pharma_biotech,Precision Medicine; Building the future of precision health; AI-native platform for complex health data,medium,Health tech and precision medicine; Google subsidiary
Vertex Pharmaceuticals,vrtx.com,https://www.vrtx.com/careers/,Biotech Companies,Biotech Companies; Unknown,medium,Fetch: HTTP Error 403: Forbidden; HEOR; failure_reason=fetch_failed:HTTP Error 403: Forbidden
Veterans Evaluation Services,ves.com,https://www.ves.com/careers,Federal Contractors,Custom; Federal Contractors,medium,VA disability exams; failure_reason=fetch_failed:HTTP Error 403: Forbidden
Veterans Health Administration,va.gov,https://www.research.va.gov,hospital_system,VA Medical Center,high,Operates 115+ VA facilities nationwide including Washington VA and Central Virginia VA Health Care System
Vigour Communications,vigourcommunications.com,https://www.vigourcommunications.com,medical_communications,Medical Communications; High-science medical communications agency translating complex data into clear evidence-based strategies for EU and APAC regions,high,Company homepage - medical communications agency for EU and APAC
VillageMD,villagemd.com,https://www.villagemd.com/careers,Digital Health,Digital Health,medium,Primary care
Vir Biotechnology,vir.bio,https://www.vir.bio/careers/,Biotech Companies,Biotech Companies; Greenhouse (embedded),medium,Infectious disease biotech; failure_reason=no_matching_roles
Virginia Cardinal Care,virginiamanagedcare.com,https://www.virginiamanagedcare.com,payer_vbc,Medicaid Managed Care; Virginia Medicaid managed care program,high,State Medicaid MCO
Virginia Department of Health,virginia.gov,https://www.jobs.virginia.gov/,Government / Public Health,Custom; Government; Public Health,medium,State public health; failure_reason=no_matching_roles
Virginia Health Information,vhi.org,https://www.vhi.org,clinical_informatics_healthit,General; HIE; Health Information Exchange; Virginia; Virginia statewide health information exchange for secure clinical data sharing,high,Connects collects and reports Virginia healthcare data and statewide exchange programs; Virginia state-designated HIE
Virginia Mason Franciscan Health,vmfh.org,https://www.vmfh.org,hospital_system,Hospital System,high,Seattle-area integrated health system including Virginia Mason Medical Center
Virta Health,virtahealth.com,https://www.virtahealth.com/careers,Digital Health,Digital Health,medium,Diabetes digital
Virtua Health,virtua.org,https://jobs.virtua.org/,Hospital Systems,Hospital Systems; Workday,medium,Hospital system; failure_reason=fetch_failed:<urlopen error [Errno -2] Name or service not known>
VisionQuest National,vq.com,https://www.vq.com,behavioral_mental_health,Substance use treatment organization / Behavioral health company; Child youth and family services with trauma-informed evidence-based care,high,National child youth and family services organization with trauma-informed care across multiple states
Vivify Health,vivifyhealth.com,https://vivifyhealth.com,digital_health,Digital Health; Remote patient monitoring and connected care delivery,high,Connected healthcare delivery platform
Viz.ai,viz.ai,https://www.viz.ai,ai_clinical_datascience,Clinical AI; AI-powered care coordination platform for disease detection and workflow optimization,high,Company homepage; page 2
Wadsworth Center,wadsworth.org,https://www.wadsworth.org/about-us,google_harvest,Research Institute; Employment Opportunities | New York State Department of Health,high,New York State research institute employment opportunities
Wake Forest Baptist Health,wakehealth.edu,https://jobs.wakehealth.edu/,Academic Medical Centers,Academic Medical Centers; Workday,medium,Academic medical center; SPH/Medicine; adjunct/epi potential; failure_reason=fetch_failed:<urlopen error [Errno -2] Name or service not known>
Walter Reed National Military Medical Center,walterreed.tricare.mil,https://walterreed.tricare.mil,hospital_system,VA Medical Center,high,Defense Health Agency component and premier military treatment facility
Washington GISHAB (Governors Industrial Safety and Health Advisory Board),gishab.org,https://gishab.org,environmental_occupational_health,"State Advisory Board; Occupational Health, Injury Prevention",high,State-level advisory board promoting safe working environments in Washington
Washington Healthplanfinder,wahealthplanfinder.org,https://www.wahealthplanfinder.org,payer_vbc,Other; Washington health plan marketplace and exchange,high,State health insurance exchange
Washington University Bursky School of Public Health,wustl.edu,https://publichealth.wustl.edu,academic,Academic Medical Centers; Hospital Systems; School of Public Health,high,Hospital/cancer center; SPH/Medicine; St. Louis AMC; WashU interdisciplinary public health; adjunct/epi potential; population health research
Wayne State University School of Medicine Public Health,wayne.edu,https://jobs.wayne.edu/,Academic Medical Centers,Academic Medical Centers; Workday,medium,SPH/Medicine; adjunct/epi potential; failure_reason=no_matching_roles
Weber Shandwick Health,webershandwick.com,https://www.webershandwick.com/careers,Medical Communications,Medical Communications; Workday,medium,Medical/scientific communications; failure_reason=fetch_failed:HTTP Error 403: Forbidden
WeGuide,weguide.health,https://www.weguide.health,rwd_registry,Evidence Generation; Patient Registry Platform,high,Real-world evidence platform and patient registry management software
Weill Cornell Clinical and Translational Science Center,ctscweb.weill.cornell.edu,https://ctscweb.weill.cornell.edu,org_harvest,Academic Medical Center; Clinical & Translational Science Center | Weill Cornell Medicine,high,Part of Weill Cornell Medicine; Clinical research center; Core laboratory services and translational research informatics
Weill Cornell Medicine,weill.cornell.edu,https://careers.weill.cornell.edu/,Academic Medical Centers,Academic Medical Centers; SuccessFactors,medium,Academic medical center; failure_reason=no_matching_roles
Welby Health,welbyhealth.com,https://welbyhealth.com,digital_health,Health AI; AI-powered remote patient monitoring and transitional care,high,WelbyCare platform for proactive population health
WellSpan Health,wellspan.org,https://jobs.wellspan.org/,Hospital Systems,Hospital Systems; Workday,medium,Pennsylvania system; failure_reason=fetch_failed:<urlopen error [Errno -2] Name or service not known>
West Virginia Department of Health,personnel.wv.gov,https://personnel.wv.gov/,Government / Public Health,Government; Public Health; USAJobs,medium,State public health; failure_reason=no_matching_roles
Westat Federal,westat.com,https://www.westat.com/careers/,Federal Contractors,Federal Contractors; Research Organizations,medium,Federal health research/contractor; Federal health statistics; Federal health stats; Public health evaluation; R20 new
Wheel,wheel.com,https://www.wheel.com/careers,Digital Health,Digital Health,medium,Clinician network
Wisconsin Diagnostic Laboratories,wisconsindiagnostic.com,https://www.wisconsindiagnostic.com,med_device_diagnostics,Laboratory Medicine; Complete laboratory testing services and specimen transportation,high,Regional clinical laboratory
Wisconsin Health Information Organization,whio.org,https://whio.org,rwd_registry,Health Data Network; State Health Data,high,State health data organization equipping Wisconsin healthcare leaders with objective data
Wisconsin Statewide Health Information Network,wishin.org,https://wishin.org,rwd_registry,Health Information Exchange; State Health Information Exchange,high,Wisconsin state-designated statewide vendor-agnostic HIE entity
Wolters Kluwer Health,wolterskluwer.com,https://www.wolterskluwer.com/en/health,org_harvest,Health Technology; Health,medium,Employs data scientists and health informatics professionals; Healthcare information and analytics company; Transforms complex healthcare data into trusted foundation for clinical and operational success
Wooster Community Hospital,woosterhospital.org,https://www.woosterhospital.org,hospital_system,Regional Health System,medium,Independent community hospital serving Wayne County Ohio area
Word Monster,wordmonster.agency,https://wordmonster.agency,medical_communications,Medical Communications; Award-winning medical communications agency powered by deep scientific expertise,medium,Company homepage - medical communications agency
World Health Organization (WHO),who.int,https://www.who.int,global_health_ngo,Careers at WHO; Clinical Registry; General; Global Health; Public Health Organization; UN agency coordinating international public health policy and response; World Health Organization (WHO),high,"Global health surveillance, disease control, health policy; International health organization; International public health organization with epidemiology and research positions; Multilateral UN health agency; UN agency working to promote health and serve the vulnerable; WHO clinical registry platform for health facilities"
World Heart Federation,worldheart.org,https://www.worldheart.org,global_health_ngo,Global Health; Cardiovascular disease prevention and advocacy,high,Global cardiovascular health NGO
World Vision International,wvi.org,https://www.wvi.org,global_health_ngo,Humanitarian Health; Relief development and child health programs,high,Christian humanitarian relief organization
Worldwide Clinical Trials,worldwide.com,https://www.worldwide.com,cro_heor_rwe,CRO; Consulting; Global full-service contract research organization; HEOR; RWE,high,30+ years therapeutic experience; CRO; HEOR/RWE/epi consulting; R20 new
WTT Solutions,wtt-solutions.com,https://wtt-solutions.com,ai_clinical_datascience,Predictive Analytics; Predictive Analytics Healthcare Company - advanced healthcare analytics for patient outcomes,high,Company homepage; page 3
WVU School of Public Health,wvu.edu,https://publichealth.wvu.edu,academic,Academic Medical Centers; School of Public Health; Workday,high,Only SPH in West Virginia; SPH/Medicine; adjunct/epi potential; failure_reason=fetch_failed:HTTP Error 404: Not Found
Xcenda (AmerisourceBergen),xcenda.com,https://xcenda.com/careers/,HEOR / RWE / Consulting,Consulting; HEOR; RWE; Unknown,medium,HEOR/market access; R20 new; failure_reason=fetch_failed:<urlopen error [SSL: CERTIFICATE_VERIFY_FAILED] certificate verify failed: self signed certificate in certificate chain (_ssl.c:1129)>
Yale New Haven Health System,ynhhs.org,https://research-support.yale.edu,hospital_system,Hospital System,high,Yale-affiliated integrated health system in Connecticut
Yale School of Medicine HEOR vendors,yalehealtheconomics.com,https://www.yalehealtheconomics.com/,HEOR / RWE / Consulting,Consulting; HEOR; RWE; Unknown,medium,Fetch: <urlopen error [Errno -2] Name or service not known>; Niche HEOR; failure_reason=fetch_failed:<urlopen error [Errno -2] Name or service not known>
Yale School of Public Health,yale.edu,https://ysph.yale.edu,academic,Academic Medical Centers; Phenom; Public Health Jobs & Careers; School of Public Health; University; Yale School of Public Health,high,"Also seen under domain ysph.yale.edu; Digital health equity conference, national public health events; Ivy League public health school; Programs in chronic disease epidemiology and biostatistics; SPH/Medicine; Top university school of public health with career opportunities; Top-tier school of public health; YCORE; adjunct/epi potential; failure_reason=no_matching_roles"
YHEC,yhec.co.uk,https://www.yhec.co.uk/careers/,HEOR / RWE / Consulting,Consulting; Custom; HEOR; RWE,medium,HEOR academic consulting; HEOR/RWE/epi consulting; failure_reason=fetch_failed:HTTP Error 403: Forbidden
Zimmer Biomet,zimmerbiomet.com,https://careers.zimmerbiomet.com/us/en,Pharmaceutical Companies,Pharmaceutical Companies; Phenom,medium,Device; failure_reason=no_matching_roles
ZS Associates,zs.com,https://jobs.zs.com/jobs,HEOR / RWE / Consulting,Consulting; HEOR; RWE; iCIMS,medium,Consulting/HEOR; failure_reason=no_matching_roles
Zus Health,zushealth.com,https://zushealth.com/careers,Digital Health,Digital Health; Greenhouse (embedded),medium,Digital health/RWE; Health data platform; failure_reason=no_matching_roles
Zynix AI,zynix.ai,https://zynix.ai,ai_clinical_datascience,Healthcare AI; Value-based care and ACO management for 1M+ patients across 30 states,high,Company homepage; page 11
